Trip_Distance_km,Time_of_Day,Day_of_Week,Passenger_Count,Traffic_Conditions,Weather,Base_Fare,Per_Km_Rate,Per_Minute_Rate,Trip_Duration_Minutes,Trip_Price,Trip_Distance_km_log,Trip_Price_log
19.35,Morning,Weekday,3.0,Low,Clear,3.56,0.8,0.32,53.82,36.26240000000001,3.013080911888604,3.6179847753373884
36.87,Evening,Weekend,1.0,High,Clear,2.7,1.21,0.15,37.27,52.9032,3.634159241913703,3.9871898453548966
30.33,Evening,Weekday,4.0,Low,Clear,3.48,0.51,0.15,116.81,36.4698,3.4445761049641,3.623535275187935
8.64,Afternoon,Weekend,2.0,Medium,Clear,2.55,1.71,0.48,89.33,60.202799999999996,2.265921108622454,4.114192940105693
3.85,Afternoon,Weekday,4.0,High,Rain,3.51,1.66,0.27,5.05,11.2645,1.5789787049493917,2.5067089104710005
43.44,Evening,Weekend,3.0,Low,Clear,2.97,1.87,0.23,73.56000000000002,101.1216,3.7941399647714293,4.626164260092299
35.7,Afternoon,Weekday,2.0,Low,Rain,3.39,1.52,0.47,38.11000000000001,75.5657,3.6027767550605247,4.338149195783989
41.79,Night,Weekend,3.0,High,Clear,4.6,1.77,0.11,86.95,88.13279999999999,3.7563044304287256,4.490127392436581
11.4,Morning,Weekday,3.0,Low,Clear,4.12,1.7000000000000002,0.15,84.12,36.118,2.517696472610991,3.614102027156113
9.91,Evening,Weekday,2.0,High,Clear,2.32,1.26,0.34,41.72,28.991400000000002,2.3896797998449792,3.4009106738987454
9.99,Night,Weekday,4.0,High,Clear,4.33,0.85,0.43,34.0,27.441499999999998,2.39698576841553,3.347849346160231
15.91,Morning,Weekday,4.0,Low,Clear,4.42,1.77,0.21,114.93,56.71600000000001,2.827905162910489,4.055534431435009
26.71,Afternoon,Weekend,4.0,Low,Rain,4.3,1.59,0.2,111.18,69.0049,3.321793358874887,4.248565239599474
22.17,Night,Weekday,4.0,Low,Clear,2.34,1.97,0.41,57.59,69.6268,3.142858338444285,4.257409675867487
30.98,Afternoon,Weekend,1.0,Low,Rain,4.5,0.84,0.25,57.02,44.7782,3.4651107074058083,3.8238079952717436
7.84,Morning,Weekday,4.0,Medium,Clear,3.73,0.82,0.3,53.8,26.298799999999996,2.179286876649552,3.306842745180863
105.94355003672597,Night,Weekend,2.0,Low,Rain,3.94,1.69,0.32,23.03,190.35419956206687,4.672301125497795,5.3125629604586475
18.95,Night,Weekday,1.0,Low,Clear,3.38,0.78,0.39,54.04,39.2366,2.9932291433358724,3.6947770291799964
23.35,Night,Weekday,3.0,Low,Rain,3.59,0.6,0.24,66.8,33.632000000000005,3.192531849528599,3.5447781101396796
39.47,Afternoon,Weekday,1.0,Low,Clear,3.5005223880597014,1.9645167877360092,0.35,7.59,83.69649999999999,3.7005609588877744,4.4390742784901684
10.78,Evening,Weekday,3.0,High,Rain,3.92,0.54,0.33,56.07,28.244300000000003,2.4664031782234406,3.3756846828930183
138.09832791310237,Evening,Weekend,4.0,Medium,Rain,2.24,1.75,0.32,94.86,274.2672738479292,4.935181078103031,5.641471875382156
30.03,Morning,Weekday,1.0,High,Clear,3.31,1.05,0.36,83.21,64.7971,3.434954478460289,4.186575764411702
3.28,Evening,Weekday,2.0,Medium,Clear,2.88,1.76,0.2,78.04,24.2608,1.4539530095937054,3.2292537870463365
30.77,Morning,Weekday,1.0,Low,Clear,3.64,1.33,0.13,109.6,58.8121,3.4585224482814247,4.091207981625503
9.36,Afternoon,Weekday,1.0,Medium,Clear,2.4,1.85,0.15,7.07,20.7765,2.337952236831337,3.0808314067035547
47.5,Morning,Weekend,3.0,Low,Clear,4.39,0.51,0.3,95.55,57.28,3.8815637979434374,4.065258981327004
48.32,Morning,Weekday,2.0,Low,Clear,2.49,0.61,0.44,67.25,61.555200000000006,3.8983296782961436,4.136049366950728
40.61,Afternoon,Weekday,1.0,Low,Clear,2.31,0.88,0.38,42.25,54.101800000000004,3.72834052299485,4.009182383501873
15.93,Afternoon,Weekday,2.0,Low,Clear,2.44,1.5,0.42,20.67,35.0164,2.829087196145044,3.583974390277737
5.79,Evening,Weekday,4.0,Low,Clear,4.63,1.83,0.24,107.07,40.9225,1.9154509415706047,3.7358226756391275
34.53,Morning,Weekday,3.0,Medium,Clear,3.58,1.19,0.26,59.14,60.0471,3.5703774100329357,4.111645697380954
22.57,Afternoon,Weekday,1.0,Low,Clear,3.4,1.41,0.2600000000000001,105.98,62.778500000000015,3.1599747169480397,4.155416142961043
6.98,Afternoon,Weekend,2.0,Low,Clear,2.32,0.78,0.18,72.37,20.791,2.0769384114617173,3.0814970405147846
25.26,Evening,Weekday,2.0,High,Clear,3.95,1.71,0.12,82.53,57.0482,3.26804686887465,4.0612736999112125
2.69,Afternoon,Weekday,4.0,Low,Clear,4.6,1.95,0.34,97.49,42.9921,1.3056264580524357,3.784010072343501
45.56,Afternoon,Weekday,3.0,Low,Clear,3.5005223880597014,0.9,0.5,80.8,84.9045223880597,3.8407418034231826,4.464573895641447
13.68,Evening,Weekend,3.0,High,Clear,3.88,1.24,0.17,50.78,29.4758,2.6864860231863696,3.4169329260482137
33.46,Afternoon,Weekend,2.0,Low,Rain,2.23,0.63,0.12,64.07,30.9982,3.5397992310997837,3.465679651217636
16.27,Morning,Weekday,1.0,Low,Clear,2.34,1.3399999999999996,0.41,97.35,64.05529999999999,2.848970892158587,4.175237677427398
26.48,Morning,Weekend,3.0,Medium,Clear,2.15,1.25,0.2,47.97,44.844,3.3134584673541485,3.8252443286344526
27.79,Evening,Weekday,2.0,Low,Clear,2.77,0.72,0.43,49.63,44.1197,3.3600281046240843,3.809318958231529
10.06,Morning,Weekday,2.0,Medium,Rain,2.41,1.16,0.38,16.0,20.1596,2.403334996094189,3.0520937032197413
48.51,Evening,Weekday,3.0,High,Rain,3.5005223880597014,1.0,0.48,110.18,104.8969223880597,3.9021746693733315,4.655638940536079
38.98,Afternoon,Weekday,3.0,Low,Clear,3.16,1.28,0.26,15.47,57.0766,3.6883793290722537,4.061762828858107
47.04,Night,Weekday,4.0,Medium,Clear,4.83,1.38,0.36,79.54,98.3796,3.872033997211783,4.598946861211355
44.85,Evening,Weekend,1.0,Medium,Rain,3.83,0.51,0.29,52.52,41.9343,3.825375198702474,3.7596710402766234
30.3,Night,Weekend,1.0,Low,Clear,4.5,1.64,0.35,51.65,72.2695,3.4436180975461075,4.2941444240732505
46.17,Afternoon,Weekday,4.0,Medium,Clear,4.13,1.57,0.28,83.15,99.8989,3.8537580972961702,4.614119025417085
5.34,Evening,Weekday,2.0,Low,Clear,2.34,1.0499999999999998,0.18,12.72,10.2366,1.8468787684491346,2.41917630760268
10.6,Afternoon,Weekday,3.0,Medium,Clear,4.21,0.58,0.3,73.28,32.342,2.451005098112319,3.506817863525839
3.22,Afternoon,Weekday,3.0,Low,Rain,2.83,1.63,0.31,93.78,37.1504,1.4398351280479205,3.6415362426034155
16.94,Afternoon,Weekday,3.0,Medium,Snow,3.92,1.93,0.42,100.24,78.715,2.88703285663065,4.378457773859329
20.05,Evening,Weekday,2.0,Low,Clear,3.02,0.86,0.39,24.61,29.860900000000004,3.0469005601283903,3.429490010476054
14.3,Night,Weekday,3.0,High,Clear,4.99,0.99,0.37,108.2,59.181000000000004,2.72785282839839,4.097356687880059
41.61,Evening,Weekend,3.0,Low,Rain,2.79,0.78,0.15,80.46000000000002,47.314800000000005,3.7520889675118205,3.877737931941514
18.48,Afternoon,Weekday,4.0,Medium,Clear,2.84,1.37,0.39,106.41,69.6575,2.969388298214389,4.257844260608795
146.0670471598387,Afternoon,Weekday,2.0,Medium,Clear,4.79,0.73,0.3,60.81,129.66194442668223,4.990888585923476,5.774423163323136
27.59,Evening,Weekend,1.0,Medium,Rain,2.07,1.03,0.46,67.33,61.4595,3.3530570063342204,4.134518346699613
7.91,Morning,Weekday,4.0,Medium,Clear,4.09,1.55,0.47,110.69,68.3748,2.187174241482718,4.23952368917956
40.31,Morning,Weekday,4.0,Medium,Clear,4.18,1.34,0.12,108.49,71.2142,3.721104601408673,4.279636702460889
4.65,Afternoon,Weekday,1.0,Medium,Rain,4.51,1.08,0.43,56.54,33.8442,1.7316555451583497,3.5508866958093037
49.36,Morning,Weekday,4.0,High,Rain,4.92,1.13,0.12,36.56,65.08399999999999,3.9191972091761462,4.190926660068345
38.84,Morning,Weekend,2.0,Low,Clear,4.93,1.34,0.25,50.21,69.5281,3.6848714327163976,4.256011211965977
10.74,Morning,Weekday,3.0,Medium,Clear,2.2,0.51,0.32,49.59,23.546200000000002,2.4630018143999504,3.2005570561092043
1.27,Morning,Weekday,2.0,High,Clear,4.47,0.62,0.16,37.99,11.335799999999999,0.8197798314933114,2.512505603978781
40.96,Morning,Weekend,1.0,High,Clear,3.94,1.82,0.4,35.89,92.8432,3.7367167835280966,4.5416253043605685
35.64,Night,Weekend,1.0,High,Rain,3.94,0.62,0.1,104.02,36.4388,3.6011405398059297,3.622707599813687
36.72,Afternoon,Weekend,3.0,Low,Clear,2.39,1.56,0.17,13.03,61.8883,3.6301904577652566,4.141360136865524
38.79,Afternoon,Weekday,2.0,Low,Clear,3.95,1.88,0.33,82.93,104.2421,3.683615624438837,4.656263410362971
4.63,Afternoon,Weekday,3.0,Medium,Clear,4.95,0.91,0.39,24.87,18.8626,1.728109442151599,2.9888385664631247
18.56,Morning,Weekend,1.0,Medium,Snow,4.74,1.0600000000000003,0.47,44.62,45.385000000000005,2.9734866646066713,3.836976131105235
6.68,Night,Weekend,2.0,Medium,Clear,3.32,1.35,0.38,12.08,16.9284,2.038619547159581,2.8863860477178234
43.29,Evening,Weekday,1.0,Medium,Rain,2.12,1.82,0.37,36.05,94.2463,3.790758917935107,4.556466168107962
31.54,Morning,Weekday,2.0,High,Clear,3.09,1.91,0.26,93.37,87.6076,3.482470101790892,4.4842176327132846
17.21,Afternoon,Weekday,2.0,Low,Rain,4.48,1.61,0.1,106.78,42.8661,2.9019708937395166,3.781141812206539
4.11,Evening,Weekend,2.0,High,Rain,4.1,0.63,0.15,30.48,11.2613,1.631199404215613,2.506447960775728
16.93,Afternoon,Weekday,4.0,Low,Snow,2.17,1.12,0.37,59.09,42.9949,2.8864752876170416,3.7840737181093744
36.75,Afternoon,Weekday,2.0,Medium,Clear,3.28,1.21,0.27,105.46,76.2217,3.6309854756950335,4.346680505615779
44.47,Night,Weekend,1.0,Low,Clear,4.79,0.79,0.31,64.0,59.7613,3.8170527678369193,4.106953073153725
24.14,Morning,Weekday,2.0,Low,Clear,3.92,1.69,0.12999999999999995,82.14,55.3948,3.2244602031621015,4.032376955671903
6.86,Night,Weekend,2.0,High,Clear,2.93,1.18,0.18,102.45,29.465799999999998,2.061786606441115,3.4166047429978916
35.95,Afternoon,Weekend,4.0,Low,Clear,3.58,0.95,0.44,6.1,40.4165,3.609565647394211,3.723679352155662
38.28,Afternoon,Weekday,1.0,Medium,Clear,3.5005223880597014,1.08,0.39,51.33,64.86162238805971,3.670715483486265,4.16761206223042
28.5,Afternoon,Weekday,1.0,Medium,Clear,4.92,1.78,0.46,109.33,105.94180000000001,3.3843902633457743,4.672284761247268
26.61,Morning,Weekday,4.0,Low,Rain,3.07,0.68,0.18,65.91,33.0286,3.3181780259420632,3.5272013474960966
21.95,Morning,Weekday,3.0,Medium,Clear,4.05,0.88,0.1,44.99,27.865,3.133317936506554,3.362629788512897
2.25,Evening,Weekend,3.0,Low,Clear,3.99,1.88,0.5,64.86,40.65,1.1786549963416462,3.7293013686128518
6.29,Afternoon,Weekday,3.0,Low,Clear,4.15,1.37,0.21,80.37,29.645000000000003,1.986503546020567,3.4224695169376953
2.54,Morning,Weekend,3.0,Low,Clear,2.8,1.3,0.37,53.11,25.7527,1.264126727145683,3.286635402827903
32.18,Night,Weekday,2.0,Medium,Rain,2.95,1.39,0.17,87.13,62.4923,3.5019472847622986,4.1509186387035575
16.4,Evening,Weekday,1.0,Low,Rain,2.38,1.05,0.33,104.04,53.93320000000001,2.856470206220483,4.00611790161985
25.92,Night,Weekday,3.0,Low,Clear,3.97,1.71,0.46,22.79,58.7766,3.2928695047765273,4.090614280029236
45.47,Night,Weekend,4.0,Low,Rain,2.12,1.28,0.23,56.93,73.41550000000001,3.8388069430968867,4.309664253474004
13.22,Morning,Weekday,2.0,Low,Rain,3.79,0.68,0.37,51.92,31.990000000000002,2.6546494243750947,3.49620448524049
21.11,Afternoon,Weekend,4.0,High,Rain,4.61,0.69,0.18,84.06,34.3067,3.096029994869355,3.564072747628904
112.8309582902826,Afternoon,Weekday,2.0,High,Snow,3.35,1.9,0.23,78.63,235.81372075153692,4.734714525910865,5.455356521600076
102.74755620694734,Evening,Weekday,2.0,Medium,Clear,2.23,1.8,0.23,53.09,199.3863011725052,4.64196060420156,5.618714977279244
46.56,Morning,Weekday,3.0,Low,Clear,4.46,0.87,0.46,119.21,99.8038,3.861992071822581,4.6131760533394
40.6,Afternoon,Weekend,3.0,Medium,Clear,2.73,0.55,0.26,17.2,29.532,3.728100167267218,3.4187753139362242
32.04,Afternoon,Weekday,3.0,Low,Clear,3.26,0.65,0.2,31.8,30.445999999999998,3.497718948652777,3.4482717890480843
43.7,Evening,Weekday,3.0,Low,Clear,4.52,1.59,0.28,114.29,106.00420000000001,3.7999735016195233,4.672868086028002
40.38,Morning,Weekday,1.0,Medium,Rain,3.5005223880597014,0.8,0.23,115.21,62.3028223880597,3.722797672317397,4.165615060169777
10.14,Evening,Weekday,3.0,High,Rain,2.73,1.06,0.4,16.24,19.974400000000003,2.410542234499138,3.0433026464614077
44.74,Night,Weekday,2.0,Medium,Clear,3.65,1.25,0.49,6.72,62.8678,3.822973188594635,4.156815322013919
27.43,Morning,Weekend,4.0,Low,Rain,2.58,1.59,0.28,23.53,52.7821,3.3474449256629084,3.9849406980515907
40.56,Evening,Weekend,3.0,Medium,Rain,2.31,0.67,0.44,119.54,82.0828,3.727138166231027,4.419837700895461
44.91,Night,Weekday,1.0,Low,Rain,4.73,1.11,0.33,25.7,63.061099999999996,3.826682958261131,4.1598373154353965
6.39,Evening,Weekday,4.0,High,Clear,4.28,1.31,0.38,102.57,51.6275,2.0001277349601105,3.9632387968124165
12.17,Afternoon,Weekend,4.0,Low,Rain,2.15,1.73,0.31,7.35,25.482599999999998,2.5779415157551897,3.276487913559927
41.08,Morning,Weekend,4.0,Low,Clear,3.31,1.71,0.46,36.86,90.5124,3.7395725684294545,4.516474482225272
43.18,Afternoon,Weekday,3.0,High,Clear,3.03,1.54,0.2799999999999999,104.17,98.6948,3.788272197991971,4.602113519138189
1.34,Morning,Weekend,3.0,Medium,Clear,3.64,1.33,0.46,37.6,22.718200000000003,0.8501509293696101,3.1662426859212514
26.03,Morning,Weekday,2.0,Medium,Clear,2.27,1.55,0.4,83.98,76.2085,3.2969473602883563,4.3465095545967145
21.45,Evening,Weekday,2.0,Medium,Clear,4.27,1.12,0.3,82.54,53.056,3.1112906141882632,3.9900205462498732
11.88,Afternoon,Weekday,1.0,Low,Clear,3.75,0.71,0.34,30.47,22.544600000000003,2.5556757206762075,3.158896494806251
6.87,Morning,Weekday,2.0,Medium,Rain,2.56,1.5,0.23,9.0,14.935,2.063058062429312,2.7685179478692996
17.54,Morning,Weekday,2.0,Low,Rain,2.56,1.29,0.49,52.06,50.696,2.919930560137709,3.9453804090821425
16.84,Morning,Weekend,2.0,Medium,Snow,2.17,1.01,0.12,98.03,30.942,2.8814431271518632,3.4639217582341177
26.42,Evening,Weekday,3.0,High,Clear,3.76,1.86,0.23,97.04,75.22040000000001,3.3112726741341683,4.3336291433983565
18.82,Afternoon,Weekday,2.0,Low,Rain,2.05,0.63,0.12,74.75,22.8766,2.986691528901842,3.172898899828148
48.62,Afternoon,Weekend,1.0,Low,Rain,2.15,1.17,0.11,74.49,67.2293,3.9043939782636548,4.222874091358025
48.16,Evening,Weekend,1.0,Low,Rain,3.72,1.63,0.28,100.12,110.25439999999999,3.895080284697834,4.711819470826044
109.61608204688008,Afternoon,Weekday,4.0,High,Clear,4.46,1.69,0.23,53.88,202.10357865922734,4.706065485813098,5.793677002507597
15.74,Afternoon,Weekday,2.0,Low,Clear,3.05,1.84,0.21,35.48,39.462399999999995,2.8178010650613294,3.7003731478251507
14.96,Morning,Weekday,1.0,Medium,Rain,3.79,0.9,0.17,66.66,28.586199999999998,2.7700855920216627,3.3873080364012282
2.81,Evening,Weekend,3.0,Low,Rain,2.82,1.12,0.38,56.65,27.494200000000003,1.3376291891386096,3.3497005577919547
30.87,Evening,Weekday,4.0,Medium,Clear,2.08,1.85,0.31,55.61,76.4286,3.461665128429245,4.349356221387955
25.63,Afternoon,Weekday,3.0,Medium,Clear,4.21,1.84,0.18,15.48,54.1556,3.282038399825841,4.010158281795681
3.52,Evening,Weekday,4.0,Medium,Rain,3.88,1.53,0.23,87.64,29.4228,1.5085119938441398,3.415192327302722
14.65,Evening,Weekend,2.0,High,Clear,3.74,1.79,0.3400000000000001,29.58,40.020700000000005,2.750470916986162,3.714076817345048
45.51,Evening,Weekday,1.0,Medium,Clear,4.23,0.63,0.13,27.65,36.4958,3.839667343236006,3.6242289267038967
12.74,Evening,Weekday,4.0,Low,Rain,4.03,1.8,0.16,52.47,35.3572,2.620311286794203,3.593392258643263
8.1,Afternoon,Weekend,1.0,High,Clear,2.62,0.98,0.13,31.19,14.6127,2.2082744135228043,2.7480846856178442
24.98,Afternoon,Weekend,3.0,Low,Rain,3.06,0.77,0.42,72.14,52.5934,3.2573270112424533,3.9814259261667444
49.3,Afternoon,Weekday,2.0,Low,Clear,2.38,0.86,0.4,47.72,63.866,3.9180050771056933,4.17232360353869
12.86,Evening,Weekday,1.0,Low,Clear,2.39,1.13,0.4,56.62,39.5698,2.6290069937617573,3.703023947455157
33.93,Morning,Weekday,2.0,Low,Rain,3.5005223880597014,0.88,0.39,66.77,59.3992223880597,3.5533460588187404,4.109704328073491
38.32,Evening,Weekday,1.0,Medium,Clear,4.58,0.98,0.37,28.41,52.6453,3.671733295278966,3.9823938603929534
12.64,Evening,Weekday,3.0,Medium,Clear,3.5005223880597014,0.7,0.29,22.91,18.992422388059698,2.613006652415316,3.0625447697493926
36.68,Afternoon,Weekend,3.0,High,Rain,3.89,0.94,0.36,106.25,76.61919999999999,3.629129449708162,4.351814819265642
19.02,Evening,Weekday,2.0,Medium,Clear,2.55,1.36,0.12,54.88,35.0028,2.9967317738870745,3.5835967132093534
31.98,Morning,Weekday,3.0,Medium,Clear,2.32,1.16,0.35,52.39,57.75329999999999,3.495901317131453,4.073347321659547
32.04,Afternoon,Weekday,4.0,Low,Clear,4.44,1.02,0.41,9.1,40.8518,3.497718948652777,3.7341348067632367
27.25,Evening,Weekend,1.0,Low,Rain,3.74,1.62,0.3,62.269999999999996,66.566,3.34109345759245,4.2131048979429435
5.42,Morning,Weekday,3.0,Medium,Rain,3.85,1.84,0.24,68.73,30.318,1.8594181177018698,3.444193012123251
41.93,Evening,Weekend,4.0,Medium,Rain,4.34,1.64,0.21,69.27,87.6519,3.7595708822364693,4.484717464890655
3.0,Morning,Weekday,2.0,Low,Clear,2.17,0.73,0.45,34.01,19.664499999999997,1.3862943611198906,3.0284172521713426
29.95,Morning,Weekday,2.0,Medium,Clear,4.24,0.7,0.24,98.23,48.7802,3.432372999130605,3.907617314609157
34.2,Afternoon,Weekday,1.0,Low,Clear,4.55,1.02,0.41,113.92,86.1412,3.5610460826040513,4.467529791537787
1.81,Night,Weekday,1.0,Low,Rain,2.86,1.71,0.32,20.63,12.5567,1.0331844833456545,2.6068808900628517
26.09,Afternoon,Weekday,4.0,Medium,Rain,3.92,0.87,0.45,62.23,54.6218,3.2991646560970036,4.018575210741712
32.61,Afternoon,Weekday,1.0,Medium,Clear,3.5005223880597014,0.7,0.31,11.91,30.019622388059698,3.5148236417370144,3.477821946443377
9.54,Afternoon,Weekend,1.0,Medium,Rain,2.1,1.79,0.33,42.43,33.1785,2.355177543113216,3.531596791411408
34.86,Evening,Weekday,4.0,Low,Clear,3.74,1.45,0.4,21.52,62.895,3.5796224681769866,4.157241111060666
7.74,Afternoon,Weekday,1.0,Low,Clear,3.5005223880597014,1.29,0.12,21.54,16.0699223880597,2.167910189667444,2.778782004215237
17.71,Night,Weekday,4.0,Medium,Clear,2.71,1.48,0.48,6.06,31.829600000000003,2.9290581402859983,3.491330547461207
6.56,Afternoon,Weekday,3.0,Low,Clear,3.48,0.85,0.31,97.94,39.417399999999994,2.0228711901914416,3.6992603853147736
46.31,Afternoon,Weekday,1.0,Medium,Rain,4.74,1.8,0.35,25.259999999999984,96.939,3.8567216896430567,4.584344835889189
43.99,Night,Weekday,2.0,Low,Clear,2.64,0.96,0.29,74.71,66.5363,3.806440242853081,4.212665231105614
13.64,Morning,Weekday,4.0,Medium,Rain,2.43,1.54,0.14,43.75,29.5606,2.6837575085331657,3.4197115976134382
33.34,Night,Weekend,1.0,Medium,Clear,4.28,0.52,0.41,72.33,51.2721,3.5363108554693294,3.9564627679269795
41.04,Afternoon,Weekend,1.0,High,Clear,3.5,1.06,0.4,41.3,63.522400000000005,3.7386215460087504,4.167012450333322
28.2,Morning,Weekend,2.0,Low,Clear,4.74,1.03,0.22,15.0,37.086,3.374168709274236,3.6398467605366247
26.95,Afternoon,Weekend,2.0,Low,Clear,2.44,1.32,0.22,30.640000000000033,44.7548,3.3304171996011083,3.8232967042508053
12.85,Evening,Weekday,4.0,Low,Snow,3.94,0.61,0.43999999999999995,26.63,23.4957,2.6282852326333477,3.1984975919428815
5.56,Morning,Weekday,4.0,High,Clear,3.5005223880597014,1.69,0.13,54.22,19.9455223880597,1.8809906029559975,3.0029561186433105
45.12,Afternoon,Weekday,4.0,Medium,Clear,3.5005223880597014,1.52,0.2,35.34,79.1509223880597,3.8312466954008584,4.3907435318931105
32.02,Afternoon,Weekday,2.0,Medium,Clear,3.78,1.7,0.34,6.39,60.38660000000001,3.497113438491982,4.11719157029271
17.61,Morning,Weekday,1.0,Low,Clear,4.26,1.34,0.47,64.68,58.257,2.9236990706541595,4.081883916496768
18.11,Evening,Weekday,2.0,Low,Rain,2.93,1.61,0.37,74.66,59.7113,2.950211758252182,4.106129842189313
44.47,Evening,Weekday,2.0,High,Clear,4.95,1.71,0.24,59.18,95.1969,3.8170527678369193,4.566397132620215
39.21,Morning,Weekday,2.0,Low,Snow,2.88,0.94,0.21,70.94,54.6348,3.6941157209091826,4.018808904743851
32.46,Evening,Weekend,3.0,Low,Clear,2.88,1.36,0.5,111.71,102.88059999999999,3.510350695558678,4.643242162673131
5.12,Morning,Weekday,4.0,Medium,Clear,3.5005223880597014,1.62,0.4,99.15869402985076,51.45840000000001,1.8115620965242347,3.960020474545475
8.92,Morning,Weekday,3.0,Low,Clear,3.69,1.07,0.36,42.14,28.4048,2.2945529212967815,3.3811579263244287
45.03,Afternoon,Weekday,1.0,High,Clear,2.76,0.95,0.24,32.28,53.2857,3.82929335782915,3.994260840507189
30.72,Afternoon,Weekend,3.0,Low,Clear,4.75,1.19,0.12,35.2,45.5308,3.456947396766647,3.840114458917438
1.45,Evening,Weekend,1.0,High,Clear,2.8,1.73,0.10999999999999999,63.01,12.2396,0.8960880245566356,2.5832123385721237
5.97,Afternoon,Weekday,4.0,Medium,Rain,4.69,1.89,0.32,90.57,44.95569999999999,1.9416152247724325,3.8276778889865226
1.25,Evening,Weekday,3.0,Low,Rain,3.97,1.49,0.31,12.8,9.8005,0.8109302162163288,2.3795924293548296
8.88,Night,Weekend,4.0,High,Clear,4.72,1.85,0.44,88.21,59.96039999999999,2.2905125117597764,4.110224473036653
27.89,Afternoon,Weekend,1.0,Low,Clear,2.51,0.65,0.11,97.69,31.3844,3.363495514478144,3.4776768253673738
34.9,Afternoon,Weekend,3.0,Medium,Clear,4.9,0.85,0.25,38.29,44.137499999999996,3.580737295494233,3.809713386603576
11.99,Evening,Weekend,3.0,Medium,Rain,4.84,1.74,0.28,54.06,40.8394,2.5641798306825083,3.7338384793096755
12.63,Morning,Weekday,3.0,Low,Clear,2.9,1.12,0.48,102.2,66.1016,2.612273245708441,4.2062078887008
16.94,Morning,Weekend,4.0,Low,Clear,2.56,0.63,0.19,65.42,25.662,2.88703285663065,3.2832393306914853
37.58,Afternoon,Weekday,4.0,Low,Snow,2.91,1.16,0.47,84.52,86.22719999999998,3.652734007477583,4.468516208881449
32.83,Afternoon,Weekend,1.0,Medium,Clear,3.5005223880597014,0.85,0.27,106.59,60.185322388059696,3.521347982792617,4.09375772339921
42.61,Morning,Weekday,3.0,Low,Rain,2.43,0.94,0.49,62.01,72.8683,3.775286481854675,4.302283777873911
33.22,Night,Weekend,1.0,Low,Clear,2.31,1.66,0.32,41.02,70.5816,3.5328102684640474,4.270838057700526
28.85,Morning,Weekend,1.0,High,Clear,3.27,0.61,0.47,91.67,63.9534,3.396184839838611,4.173670089706471
5.59,Afternoon,Weekday,2.0,High,Clear,4.39,1.7399999999999993,0.1,30.31,17.147599999999997,1.8855533485144158,2.898538320562558
19.02,Night,Weekday,2.0,Low,Rain,2.42,1.14,0.4,49.68,43.9748,2.9967317738870745,3.8061023329117565
13.99,Afternoon,Weekday,4.0,Medium,Clear,2.39,1.39,0.46,104.56,69.9337,2.7073833121145063,4.261745637958952
130.80900130744172,Afternoon,Weekday,1.0,High,Clear,3.93,0.63,0.16,88.31,100.46927082368829,4.881353914937016,5.79870400057425
48.68,Afternoon,Weekday,4.0,Low,Rain,2.59,1.01,0.14,51.44,58.9584,3.905602437625223,4.093650988422056
20.26,Morning,Weekday,3.0,Low,Rain,2.29,0.63,0.27,29.7,23.0728,3.056827372913802,3.1810825724079552
31.93,Afternoon,Weekday,1.0,Medium,Clear,4.77,1.71,0.32,37.67,71.42469999999999,3.494384096388273,4.282547401430749
39.95,Evening,Weekend,3.0,Low,Clear,4.46,1.19,0.31,25.25,59.828,3.7123518102990785,4.108050209278213
25.63,Morning,Weekday,3.0,High,Clear,3.06,0.84,0.16,90.48,39.066,3.282038399825841,3.6905280943594607
29.27,Morning,Weekend,4.0,Medium,Rain,3.97,1.9,0.1,33.99,62.982,3.410157123033627,4.158601793801473
25.13,Morning,Weekend,4.0,Medium,Rain,3.61,1.02,0.42,57.23,53.279199999999996,3.263084079532521,3.994141096464542
36.4,Afternoon,Weekday,4.0,Medium,Clear,4.05,1.34,0.35000000000000003,117.94,94.105,3.6216707044204863,4.5549815444048045
14.76,Evening,Weekend,3.0,Medium,Clear,3.89,1.92,0.47,49.98,55.71979999999999,2.757475084429733,4.038123356124566
2.19,Afternoon,Weekday,1.0,Medium,Clear,2.8,0.51,0.18,14.2,6.472899999999999,1.1600209167967532,2.011283143351862
32.63,Night,Weekday,1.0,Medium,Clear,2.12,0.86,0.37,15.33,35.8539,3.515418525752178,3.6069614474993172
9.68,Morning,Weekday,2.0,Medium,Clear,3.37,1.91,0.13,72.94,31.340999999999998,2.3683728335320486,3.476335775130395
47.08,Evening,Weekend,1.0,High,Rain,4.67,0.76,0.34,73.93,65.587,3.872866290226952,4.198509363298087
47.74,Evening,Weekday,3.0,High,Clear,3.71,0.67,0.17,53.16,44.733000000000004,3.8865000481970604,3.8228201379673754
45.83,Evening,Weekday,4.0,Medium,Clear,4.5,1.36,0.39,54.66,88.1462,3.8465240231954505,4.490277718611007
19.14,Evening,Weekend,2.0,Low,Snow,4.97,1.79,0.22,11.2,41.6946,3.0027078872904163,3.7540724485371366
1.76,Evening,Weekend,3.0,Low,Clear,2.49,1.22,0.29,64.4,23.313200000000002,1.0152306797290587,3.191019412737969
46.49,Afternoon,Weekday,3.0,Low,Clear,4.08,1.99,0.34,63.05,118.0321,3.8605191625610304,4.779393204635266
21.98,Morning,Weekday,1.0,Medium,Clear,4.02,1.52,0.17,22.2,41.203599999999994,3.1346242724206097,3.7425055254603126
48.37,Morning,Weekend,2.0,Medium,Clear,4.94,0.61,0.4,16.94000000000001,41.2217,3.8993429522707714,3.74293430688667
48.22,Night,Weekday,3.0,Medium,Clear,4.96,1.99,0.22,19.21,105.14399999999999,3.89630004496291,4.664796662764642
42.8,Afternoon,Weekday,3.0,High,Rain,4.06,1.11,0.36,16.62,57.55120000000001,3.7796338173824005,4.0699015851368605
15.43,Evening,Weekday,2.0,High,Clear,2.73,0.93,0.16,75.12,29.099100000000004,2.799108932049177,3.4044952709755805
19.87,Afternoon,Weekend,1.0,High,Clear,4.4,1.34,0.38,27.6,41.5138,3.038312721089109,3.749828729107178
42.71,Morning,Weekday,3.0,Low,Clear,2.32,0.9599999999999999,0.15,33.91,48.4081,3.7775769088752233,3.9001143783639933
16.53,Morning,Weekend,4.0,Medium,Clear,4.34,0.63,0.27,24.96,21.493100000000002,2.863913698933143,3.11320859551187
9.31,Afternoon,Weekend,2.0,Low,Rain,4.73,0.5,0.2,115.15,32.415000000000006,2.333114298028869,3.5090049009630335
28.28,Afternoon,Weekday,2.0,Low,Rain,3.15,1.17,0.4,103.28,77.54960000000001,3.3769046890931107,4.3637302723907645
46.87,Morning,Weekday,4.0,Low,Clear,3.89,1.76,0.2,31.51,92.6832,3.8684890034044175,4.539918877544662
35.11,Afternoon,Weekday,3.0,Low,Rain,3.29,1.36,0.45,42.67,70.2411,3.5865698352893665,4.26606989906587
28.93,Morning,Weekday,2.0,Medium,Clear,3.31,2.0,0.46,29.14,74.5744,3.3988613218646075,4.325117601500695
5.76,Afternoon,Weekday,2.0,High,Snow,2.93,0.93,0.18,61.57,19.3694,1.9110228900548727,3.0140337747239037
31.14,Afternoon,Weekend,2.0,Low,Clear,4.29,0.92,0.35,7.26,35.479800000000004,3.4701013603093664,3.5967586827349614
37.3,Morning,Weekday,3.0,Low,Snow,4.21,1.86,0.35,97.47,107.7025,3.6454498961866,4.688614792942726
35.15,Afternoon,Weekday,1.0,Medium,Rain,2.76,1.9599999999999997,0.21,96.08,91.8308,3.5876769486047735,4.530778481278402
116.196063616616,Afternoon,Weekend,4.0,Medium,Clear,2.2,0.85,0.25,19.63,105.8741540741236,4.763848289689918,5.336092659140723
139.06223019422194,Afternoon,Weekday,2.0,Low,Rain,2.8,1.82,0.14,50.83,263.00945895348394,4.942086825235127,5.627047556221342
40.66,Afternoon,Weekday,2.0,Medium,Clear,3.9,0.67,0.3,34.29,41.4292,3.729541435832826,3.747836804452463
40.7,Evening,Weekday,2.0,Low,Clear,4.16,1.81,0.38,35.27,91.2296,3.730501128804756,4.524281120254595
43.49,Evening,Weekday,1.0,Low,Clear,2.77,1.45,0.2,68.97,79.6245,3.7952644448179504,4.389802573546319
45.75,Morning,Weekday,3.0,Medium,Rain,4.16,0.75,0.23,52.31,50.5038,3.844814255734696,3.9416555913553744
40.12,Morning,Weekend,3.0,High,Clear,3.88,1.61,0.24,116.97,96.54599999999999,3.7164946211469094,4.580324061615389
32.85,Night,Weekday,4.0,Medium,Clear,2.44,1.18,0.42,31.52,54.441399999999994,3.521938999358284,4.015326607088061
35.4,Morning,Weekday,3.0,Low,Clear,4.47,1.98,0.46,93.88,117.74680000000001,3.594568774642695,4.776993495183243
39.99,Afternoon,Weekday,2.0,High,Clear,2.71,0.58,0.31,43.98,39.538,3.7133281345162463,3.702239805815773
44.61,Afternoon,Weekday,3.0,Low,Clear,3.96,1.03,0.28,21.45,55.914300000000004,3.820126990723609,4.041546627659114
17.56,Evening,Weekday,1.0,Low,Clear,3.22,1.22,0.11,103.66,36.0458,2.9210087273580543,3.612154984992442
5.61,Morning,Weekday,1.0,High,Clear,2.32,0.97,0.11,80.76999999999998,16.6464,1.888583653863595,2.8705317965697454
29.34,Afternoon,Weekday,2.0,High,Clear,2.05,1.59,0.48,70.14,82.3678,3.4124669739203863,4.423262143685234
23.81,Morning,Weekend,1.0,Medium,Rain,2.81,1.91,0.24,62.02,63.171899999999994,3.21124679770371,4.161565420175578
15.04,Morning,Weekday,1.0,Low,Clear,5.0,1.78,0.11,15.09,33.4311,2.7750856024383683,3.538960225721867
29.95,Morning,Weekday,4.0,High,Clear,2.63,1.33,0.33,81.84,69.4707,3.432372999130605,4.255197020594549
2.49,Afternoon,Weekday,3.0,Low,Clear,2.8,1.74,0.32,108.02,41.699,1.2499017362143359,3.754175500756598
2.83,Morning,Weekday,1.0,Low,Snow,3.99,0.96,0.19,11.65,8.920300000000001,1.3428648031925547,2.294583162774987
41.31,Afternoon,Weekday,3.0,Medium,Clear,4.9,1.1,0.27000000000000013,21.18,56.05960000000001,3.7450234647319762,4.044096335596044
18.65,Afternoon,Weekday,1.0,Medium,Clear,4.75,0.98,0.36,87.41,54.49459999999999,2.9780773383152703,4.016285718721402
7.23,Evening,Weekday,1.0,Low,Clear,3.51,1.2,0.39,55.29,33.7491,2.1077860146889784,3.5481536723948333
26.59,Morning,Weekday,2.0,Medium,Clear,4.39,0.93,0.1,51.41,34.2597,3.3174533882291946,3.562740668708912
38.73,Morning,Weekday,3.0,Medium,Clear,2.41,1.94,0.47,20.75,87.29869999999998,3.6821065698265074,4.48072538496473
11.58,Morning,Weekday,3.0,Low,Rain,4.93,0.97,0.17,63.28,26.9202,2.5321082512722946,3.3293504411922976
31.52,Afternoon,Weekday,1.0,Low,Clear,4.89,0.65,0.19,19.55,29.0925,3.48185528467961,3.404275971271753
5.18,Evening,Weekday,2.0,Medium,Clear,2.49,1.29,0.21,59.81,21.732300000000002,1.8213182714695995,3.123786820602763
3.53,Morning,Weekend,1.0,Low,Clear,2.9,0.59,0.12,92.82,16.1211,1.5107219394949427,2.840311620985952
27.04,Night,Weekday,2.0,High,Clear,2.3,0.67,0.15,34.69999999999999,25.6218,3.3336320621663895,3.2817304290130305
145.74705994904548,Morning,Weekday,3.0,High,Rain,2.82,0.83,0.49,60.29,153.33215975770773,4.988710424088744,5.787200862331261
32.23,Afternoon,Weekday,3.0,High,Clear,4.45,1.2,0.23,119.08,70.5144,3.503453082366503,4.2698988280233845
36.58,Evening,Weekend,4.0,Low,Rain,3.13,1.15,0.15,83.96,57.791,3.6264719939853194,4.073988781965027
48.82,Evening,Weekday,2.0,High,Clear,2.27,1.7,0.14,101.76,99.51039999999999,3.9084165098340344,4.610261204732241
26.3,Evening,Weekday,2.0,Medium,Clear,3.03,1.61,0.39,52.71,65.9299,3.3068867021909143,4.203645803013123
16.82,Evening,Weekday,4.0,Low,Snow,4.94,1.14,0.44,93.3,65.1668,2.8803214220426634,4.192178826570455
39.96,Afternoon,Weekday,4.0,Low,Clear,3.89,1.0,0.2,9.66,45.782000000000004,3.7125959807312525,3.8454985135555178
14.27,Evening,Weekday,2.0,Low,Rain,3.25,0.97,0.11,19.13,19.196199999999997,2.725890119230541,3.0054944678987146
22.51,Morning,Weekday,4.0,High,Clear,2.5,1.66,0.19,28.35,45.253099999999996,3.157425862551978,3.8341284887392506
4.84,Evening,Weekday,3.0,Medium,Rain,4.96,0.58,0.12,51.22,13.913599999999999,1.7647307968401356,2.7022735483247557
2.24,Afternoon,Weekday,1.0,Low,Clear,4.46,0.52,0.14,102.26,19.941200000000002,1.1755733298042381,3.0417185103906887
48.17,Evening,Weekend,3.0,Medium,Clear,3.5005223880597014,1.69,0.27,44.82,97.00922238805971,3.895283681423848,4.578299377851284
41.96,Afternoon,Weekend,4.0,Low,Rain,2.21,1.22,0.19,80.28,68.6544,3.7602694502006093,4.243545871238381
35.1,Afternoon,Weekday,2.0,Medium,Rain,2.17,0.7,0.31,86.57,53.5767,3.586292865338835,3.9996070517447246
21.04,Afternoon,Weekday,2.0,Low,Rain,2.36,0.85,0.2,72.41,34.726,3.092858984284714,3.575878715026693
9.49,Evening,Weekend,3.0,High,Rain,3.74,1.9,0.48,46.08,43.8894,2.3504224224082058,3.8042016866987227
8.67,Morning,Weekday,2.0,High,Rain,4.79,1.79,0.46,71.36,53.1349,2.269028309465203,3.9914790795273882
13.26,Morning,Weekday,4.0,Medium,Clear,3.49,1.56,0.33,44.36,38.8144,2.65745841498615,3.684228655898509
27.91,Morning,Weekend,3.0,Low,Clear,4.53,1.22,0.24,14.650000000000023,42.0962,3.364187556028255,3.763434826169395
36.02,Morning,Weekend,2.0,Low,Clear,3.34,1.28,0.24999999999999997,119.17,79.2381,3.6114583071453517,4.384998464410218
33.35,Evening,Weekday,1.0,High,Clear,4.13,1.96,0.26,19.63,74.59979999999999,3.536602018668358,4.325453637679343
14.72,Morning,Weekday,3.0,Low,Clear,4.2,1.95,0.39,13.32,38.098800000000004,2.7549337870010606,3.6660917759832716
47.79,Afternoon,Weekend,4.0,Low,Clear,2.52,0.82,0.28,106.03,71.3962,3.8875253738277458,4.282153811826377
37.16,Afternoon,Weekend,2.0,Low,Clear,3.08,1.72,0.44,39.71,84.46759999999999,3.6417878465800855,4.448137356755595
28.16,Morning,Weekend,3.0,High,Clear,3.91,0.8,0.48,79.78,64.7324,3.3727979071404572,4.18559195461666
13.14,Afternoon,Weekday,3.0,Low,Clear,3.6,1.11,0.14,35.14,23.105000000000004,2.6490076604684267,3.1824192878575857
18.44,Afternoon,Weekday,2.0,Low,Rain,4.99,1.9,0.18,44.45,48.027,2.967332799032293,3.892371166762789
38.13,Afternoon,Weekday,4.0,High,Rain,3.42,0.63,0.27,52.23,41.544000000000004,3.666889436222321,3.750538834500664
1.71,Morning,Weekday,4.0,High,Clear,4.45,1.27,0.18,87.85,22.4347,0.9969486348916096,3.1542178299272523
6.69,Night,Weekday,4.0,Low,Clear,3.3,1.88,0.45,63.83000000000002,44.6007,2.0399207835175526,3.81992306727971
3.25,Night,Weekday,3.0,Medium,Clear,4.39,1.86,0.16,113.50999999999999,28.596600000000002,1.4469189829363254,3.387659489867676
3.0,Afternoon,Weekday,1.0,Low,Clear,3.79,0.73,0.28,9.82,8.729600000000001,1.3862943611198906,2.2751727853837083
42.92,Morning,Weekday,3.0,High,Clear,4.66,1.05,0.34,62.85,71.095,3.7823697972012753,4.277984693758611
35.48,Afternoon,Weekday,3.0,Low,Clear,3.23,1.43,0.38,72.19,81.3986,3.5967641652061304,4.411568446479827
116.66768073006573,Morning,Weekday,2.0,High,Clear,3.81,0.74,0.25,110.82,117.84908374024863,4.767864386330593,5.518637772182348
5.79,Morning,Weekday,2.0,Medium,Clear,3.89,1.95,0.45,10.65,19.973,1.9154509415706047,3.0432358961979578
25.09,Morning,Weekend,2.0,Medium,Snow,3.25,1.87,0.33,70.95,73.5818,3.261552099148637,4.311896509616305
24.2,Afternoon,Weekday,1.0,Low,Snow,2.43,0.75,0.28,103.17,49.4676,3.2268439945173775,3.921331546219708
9.49,Evening,Weekday,1.0,Medium,Clear,2.28,0.68,0.13,32.82,12.9998,2.3504224224082058,2.639043043798931
22.26,Evening,Weekday,2.0,Medium,Clear,3.5005223880597014,0.63,0.29,105.77,48.1976223880597,3.1467351470905185,3.865918332098124
31.18,Afternoon,Weekday,1.0,Medium,Clear,2.71,0.79,0.35,89.23,58.572700000000005,3.471345141564237,4.08719741544139
32.12,Afternoon,Weekday,4.0,High,Rain,2.63,1.12,0.43,112.31,86.8977,3.500137329517059,4.4761736382509545
3.22,Afternoon,Weekday,1.0,Medium,Clear,4.21,1.17,0.3,80.58,32.151399999999995,1.4398351280479205,3.50108494801764
19.36,Night,Weekday,1.0,Medium,Rain,2.96,1.4,0.15,55.49,38.387499999999996,3.013572191682322,3.673448507083393
31.67,Morning,Weekday,1.0,Low,Clear,3.52,0.61,0.11,10.16,23.9563,3.4864572256129787,3.217126295333523
25.65,Evening,Weekday,2.0,Medium,Snow,2.49,0.84,0.22,110.81,48.4142,3.2827891506118534,3.900237832280928
42.97,Afternoon,Weekend,4.0,Low,Clear,4.88,1.9,0.38,59.08,108.9734,3.7835075831927187,4.700238518367867
33.28,Afternoon,Weekday,1.0,Medium,Rain,4.55,1.86,0.42,8.33,69.9494,3.534562093729579,4.2619669469106745
8.98,Evening,Weekday,2.0,High,Clear,4.59,1.67,0.22,84.33,38.1392,2.300583090323373,3.667124522310907
4.46,Afternoon,Weekend,3.0,Medium,Clear,3.22,0.53,0.3,60.41,23.706799999999998,1.6974487897568136,3.207078509388562
32.48,Evening,Weekday,3.0,Low,Clear,4.29,0.99,0.27,19.3,41.65619999999999,3.5109482456212744,3.753172632657474
2.3,Night,Weekend,3.0,Low,Clear,2.43,1.44,0.26,29.64,13.4484,1.1939224684724346,2.670583681784195
47.07,Morning,Weekday,4.0,Medium,Rain,2.06,1.86,0.15,71.04,100.26620000000001,3.8726582819058692,4.617752693188014
29.2,Afternoon,Weekday,3.0,High,Rain,3.76,1.45,0.18,76.53,59.87539999999999,3.407841924380824,4.108829152223055
20.02,Night,Weekday,3.0,High,Clear,3.37,0.61,0.12,63.16,23.1614,3.045474365448805,3.184756318407618
32.52,Morning,Weekday,4.0,Medium,Rain,3.55,1.86,0.18,98.97,81.85180000000001,3.5121422756138823,4.417053469647429
23.45,Afternoon,Weekday,1.0,Low,Clear,2.02,1.94,0.1,104.02,57.915,3.196630215920881,4.076095727165304
27.74,Afternoon,Weekday,1.0,Low,Clear,3.5005223880597014,0.62,0.35,75.8,47.22932238805969,3.358289880650879,3.8711760105953856
47.13,Evening,Weekday,4.0,Low,Clear,4.15,1.3,0.23,6.47,66.90710000000001,3.873905683315018,4.218140594635611
19.92,Morning,Weekday,4.0,Low,Clear,3.33,0.96,0.49,84.95,64.0787,3.040705639196722,4.175597306736452
45.36,Night,Weekday,3.0,Medium,Clear,2.7,0.77,0.24,70.04,54.436800000000005,3.836437018471551,4.015243633158061
10.59,Morning,Weekday,4.0,Medium,Clear,4.44,1.3699999999999999,0.24,79.64,38.061899999999994,2.4501426573516603,3.665147567378654
4.4,Morning,Weekend,2.0,Low,Rain,3.77,1.94,0.1,45.28,16.834,1.6863989535702288,2.8811067477126877
5.94,Night,Weekday,3.0,Low,Clear,2.63,1.25,0.44,110.47,58.66180000000001,1.937301774518713,4.088691949600292
1.89,Morning,Weekend,1.0,Low,Clear,2.71,0.62,0.11,20.41,6.1269,1.0612565021243408,1.9638763572721452
5.63,Evening,Weekday,1.0,Low,Clear,3.88,1.43,0.47999999999999987,82.22,51.39649999999999,1.891604804197771,3.958839795203055
34.47,Afternoon,Weekday,1.0,High,Clear,4.49,1.01,0.46,5.5,41.834700000000005,3.5686872687855304,3.7573485217729456
4.49,Morning,Weekday,3.0,Low,Clear,3.25,1.78,0.31,111.33,45.75449999999999,1.7029282555214393,3.8449105077868104
16.63,Evening,Weekday,2.0,Medium,Clear,2.77,1.15,0.32,17.94,27.635299999999997,2.869601996409779,3.3546402224803065
42.4,Afternoon,Weekday,4.0,Low,Clear,4.6,0.79,0.36,15.91,43.823600000000006,3.770459441106359,3.8027347864323398
2.14,Afternoon,Weekend,4.0,High,Clear,4.01,0.79,0.25,43.3,16.525599999999997,1.144222799920162,2.8636626691391527
40.91,Afternoon,Weekend,1.0,Medium,Clear,3.34,1.65,0.36,47.96,88.1071,3.73552446193698,4.489839017048376
14.81,Afternoon,Weekend,1.0,Low,Rain,3.46,0.9,0.12,29.64,20.3458,2.7606426512213806,3.060854999010983
6.79,Morning,Weekend,3.0,Medium,Clear,2.61,1.65,0.12,72.29,22.488300000000002,2.052840859882657,3.1565024248301015
35.14,Afternoon,Weekend,2.0,Medium,Clear,3.88,0.81,0.28,55.94,48.006600000000006,3.5874002851640823,3.8919549829177718
31.82,Afternoon,Weekend,4.0,High,Rain,3.08,0.98,0.32,8.93,37.121199999999995,3.4910380856619447,3.640770557828831
44.0,Morning,Weekday,3.0,Low,Clear,4.99,1.2,0.46,41.76,76.99959999999999,3.8066624897703196,4.356703698471314
37.02,Afternoon,Weekday,4.0,High,Clear,3.44,1.91,0.14,98.20000000000002,87.89620000000001,3.6381123370602833,4.487469396949362
40.37,Afternoon,Weekday,1.0,High,Rain,3.46,1.9,0.43,84.32,116.42059999999998,3.72255598047332,4.765762360485018
14.82,Evening,Weekday,4.0,High,Clear,3.7,0.81,0.18,88.36,31.608999999999998,2.761274962339508,3.4845883238909847
9.69,Morning,Weekday,2.0,Medium,Clear,4.75,1.04,0.26,85.28,37.0004,2.3693087250369538,3.637596685986774
37.78,Night,Weekend,2.0,Medium,Clear,4.4,0.72,0.23,40.76,40.9764,3.6579046498145056,3.73710755559382
40.53,Afternoon,Weekday,1.0,Medium,Clear,3.35,1.26,0.26,16.46,58.6974,3.726416057642662,4.089288468361403
49.53,Morning,Weekday,2.0,Medium,Clear,4.16,1.19,0.16,36.33,68.9135,3.9225672193038172,4.247258763639189
21.22,Morning,Weekday,2.0,Medium,Clear,3.76,1.85,0.3,100.66,73.215,3.100992784211484,4.306966286076728
19.23,Morning,Weekday,3.0,Medium,Clear,3.48,1.9,0.42,117.75,89.472,3.007166651179654,4.505040410569026
39.04,Afternoon,Weekday,4.0,Medium,Clear,3.5005223880597014,1.08,0.28,61.79,62.964922388059705,3.68987895444702,4.143839240068244
17.7,Afternoon,Weekend,1.0,Medium,Clear,3.39,1.24,0.3,6.12,27.174,2.928523523860541,3.338399566838115
46.61,Evening,Weekday,1.0,High,Clear,2.74,1.84,0.44,21.11,97.79079999999999,3.8630428232064276,4.59300448300922
43.06,Afternoon,Weekday,1.0,Low,Clear,4.74,1.71,0.38,42.04,94.34779999999999,3.785552341374197,4.55753125889089
37.79,Afternoon,Weekday,1.0,Medium,Clear,4.86,0.98,0.2,13.64,44.6222,3.6581624814518756,3.8203944401564347
37.97,Evening,Weekday,2.0,High,Rain,3.6,1.13,0.45,113.49,97.57659999999998,3.662792119350618,4.590833910927932
6.05,Morning,Weekday,3.0,Medium,Clear,3.89,0.84,0.33,46.98,24.4754,1.9530276168241774,3.237713280653821
25.76,Morning,Weekday,3.0,High,Clear,2.39,0.56,0.21,94.76,36.7152,3.286908235260028,3.6300631962214025
41.5,Evening,Weekday,3.0,Low,Clear,3.13,1.47,0.42,91.88,102.72459999999998,3.7495040759303713,4.641739309860568
44.88,Afternoon,Weekday,1.0,Medium,Clear,3.87,0.58,0.5,77.08,68.44040000000001,3.82602929226117,4.240468830704168
20.07,Evening,Weekday,2.0,Medium,Snow,3.34,0.85,0.15,78.37,32.155,3.0478502278160975,3.501193534820831
45.36,Afternoon,Weekend,3.0,Medium,Rain,2.66,1.78,0.26,68.68,101.25760000000001,3.836437018471551,4.627495119789112
5.47,Afternoon,Weekday,3.0,Low,Clear,2.49,1.22,0.29999999999999993,118.44,44.69539999999999,1.8671761085128091,3.8219976363788155
104.37179088913676,Morning,Weekday,1.0,Low,Rain,3.22,1.12,0.45,89.21,160.2609057958332,4.657494961662663,5.335173035034343
47.55,Morning,Weekday,4.0,Low,Clear,4.78,1.97,0.27,94.35,123.928,3.882594194737334,4.827737571350573
47.58,Morning,Weekday,3.0,Low,Clear,4.13,0.8,0.31,105.33,74.84629999999999,3.8832119235740263,4.328708924116929
29.1,Morning,Weekday,4.0,High,Clear,3.26,0.82,0.12,29.8,30.698,3.40452517175483,3.4562535874102336
31.96,Afternoon,Weekday,3.0,High,Clear,3.55,0.94,0.09999999999999966,14.64,35.0564,3.495294705041271,3.585084379180816
22.97,Night,Weekend,2.0,Low,Rain,2.25,0.76,0.2,60.53,31.813200000000002,3.176803048446293,3.4908308734576234
15.37,Morning,Weekday,1.0,Medium,Clear,4.95,1.07,0.37,64.12,45.12030000000001,2.7954503913830435,3.831253200149867
33.95,Afternoon,Weekday,2.0,Medium,Rain,2.86,1.42,0.15,56.03999999999999,59.475,3.5539184686798193,4.102230056496091
37.87,Night,Weekday,1.0,High,Clear,3.76,1.12,0.26,70.65,64.5434,3.660222744864132,4.182712518641627
39.79,Afternoon,Weekday,1.0,High,Snow,2.33,1.9,0.36,65.61000000000001,101.5506,3.708436953329467,4.630356335305759
39.69,Afternoon,Weekday,3.0,Medium,Rain,4.9,0.57,0.38,9.390000000000002,31.091499999999996,3.7059823620135983,3.4685911975631316
5.47,Morning,Weekend,1.0,Medium,Clear,2.52,0.82,0.17,75.75,19.8829,1.8671761085128091,3.038930642259158
25.23,Morning,Weekday,3.0,Low,Rain,3.94,1.35,0.13,100.22,51.0291,3.2669037938787824,3.951803177439747
27.93,Night,Weekend,4.0,Low,Clear,4.15,0.56,0.2,73.35,34.4608,3.3648791189880436,3.5684278610232725
44.5,Night,Weekend,4.0,Medium,Clear,4.02,1.47,0.45,23.88,80.18099999999998,3.817712325956905,4.396681229639883
6.74,Evening,Weekend,4.0,Low,Rain,4.68,1.46,0.17,117.71,34.5311,2.046401687601636,3.5704083693060147
8.01,Afternoon,Weekday,3.0,High,Clear,3.5005223880597014,0.98,0.43,50.28,32.9707223880597,2.1983350716202463,3.487686955869723
38.31,Afternoon,Weekend,1.0,Low,Clear,2.99,0.64,0.41,31.15,40.279900000000005,3.671478939433769,3.720375698689753
31.29,Afternoon,Weekend,1.0,Medium,Snow,2.74,1.14,0.34,24.7,46.80859999999999,3.4747575847701837,3.867205539632402
5.96,Afternoon,Weekday,3.0,Low,Clear,4.96,0.69,0.23,81.77,27.8795,1.9401794743463283,3.3631320008553627
5.12,Morning,Weekend,4.0,Low,Clear,3.17,1.92,0.21,75.09,28.7693,1.8115620965242347,3.393477661146936
35.35,Morning,Weekday,1.0,Medium,Clear,4.2,1.21,0.15,79.01,58.825,3.5931942039795284,4.091423633794437
4.57,Evening,Weekday,2.0,Medium,Rain,4.05,0.98,0.3,15.12,13.064599999999999,1.7173950539391927,2.64366100214886
41.27,Evening,Weekday,1.0,Low,Clear,2.64,1.65,0.33,107.76,106.2963,3.7440776145786985,4.675594166283489
5.16,Night,Weekday,2.0,Medium,Clear,3.23,1.72,0.25,58.17,26.6477,1.8180767775454285,3.3195425418683313
49.35,Morning,Weekday,2.0,Low,Clear,2.7,1.8,0.36,49.86,109.4796,3.9189986191645714,4.704830888529674
19.34,Afternoon,Weekend,2.0,Low,Clear,2.06,1.51,0.46,104.31,79.24600000000001,3.012589390620414,4.3850969165311
19.16,Afternoon,Weekend,2.0,Low,Clear,4.64,0.57,0.16999999999999996,111.87,34.5791,3.0037004432031678,3.5717583868081504
40.83,Evening,Weekday,1.0,Low,Rain,4.9,1.35,0.2499999999999997,39.9,69.99549999999999,3.733613785454107,4.26261649475101
47.42,Morning,Weekday,2.0,Low,Rain,3.02,1.64,0.16,104.35,97.48479999999999,3.8799129515099127,4.589902221549489
37.92,Evening,Weekday,2.0,Medium,Rain,2.02,0.84,0.39,112.04,77.56840000000001,3.6615082573178044,4.363969582973763
19.44,Night,Weekday,3.0,Low,Clear,4.04,1.82,0.47,33.26,55.053,3.017493765335504,4.0262976717254375
39.08,Afternoon,Weekday,3.0,Low,Clear,2.44,1.63,0.48000000000000026,36.57,83.694,3.6908774567766094,4.439044760896205
28.36,Afternoon,Weekend,3.0,High,Clear,2.48,1.21,0.13,99.77,49.765699999999995,3.3796332037463146,3.927220929685992
21.79,Evening,Weekday,2.0,High,Clear,4.37,1.17,0.34,5.61,31.7717,3.126321843257593,3.489565338081682
45.41,Afternoon,Weekday,2.0,Low,Clear,3.85,0.51,0.12,69.95,35.4031,3.8375149532530846,3.5946539358515412
6.45,Morning,Weekday,2.0,Low,Clear,2.13,1.73,0.46,44.01,33.5331,2.0082140323914683,3.5419182843776893
25.14,Night,Weekday,3.0,High,Rain,3.87,1.04,0.31,42.11,43.0697,3.2634667081960758,3.7857724714787855
1.56,Afternoon,Weekday,4.0,High,Clear,2.93,1.31,0.37,79.16,34.2628,0.9400072584914712,3.562828583913336
23.96,Afternoon,Weekday,3.0,Low,Clear,3.11,1.52,0.43,102.92,83.7848,3.217274543501227,4.440116281448483
3.76,Morning,Weekday,4.0,Low,Clear,4.31,1.55,0.16,75.06,22.1476,1.5602476682433286,3.1418911034516968
6.82,Afternoon,Weekday,2.0,Low,Clear,4.43,1.93,0.12,103.11,29.965799999999998,2.05668455455722,3.4328833696771524
6.76,Afternoon,Weekend,3.0,Medium,Clear,3.2,1.3,0.45,35.43,27.9315,2.048982334195127,3.364930966935309
32.81,Afternoon,Weekend,3.0,Low,Clear,4.84,1.1000000000000003,0.23,64.74,55.82120000000002,3.520756616719795,4.039909495527214
37.56,Morning,Weekday,4.0,Low,Clear,3.22,1.93,0.15,56.81,84.23230000000001,3.652215469742345,4.445380469973217
29.59,Afternoon,Weekday,3.0,Medium,Rain,4.32,1.46,0.29,6.34,49.36,3.420673158162812,3.9191972091761462
48.15,Night,Weekday,2.0,Low,Clear,3.45,0.95,0.34,69.03,72.6627,3.8948768465931756,4.299496565246041
19.37,Morning,Weekday,3.0,Medium,Clear,4.69,0.69,0.11,81.08,26.9741,3.0140632302387145,3.3312790820987033
15.0,Night,Weekday,3.0,Low,Snow,4.72,1.76,0.21,73.07,46.46469999999999,2.772588722239781,3.8599862768671427
43.56,Afternoon,Weekday,3.0,Low,Rain,2.26,1.04,0.11,89.67,57.426100000000005,3.7968365956190286,4.067762707804382
11.96,Evening,Weekday,2.0,Medium,Snow,4.81,1.49,0.27,70.7,41.71940000000001,2.561867690924129,3.754653149609488
48.2,Afternoon,Weekday,3.0,Low,Clear,4.48,1.21,0.46,12.68,68.63480000000001,3.8958936234982624,4.243264442382025
48.52,Evening,Weekend,2.0,Medium,Rain,2.6,1.4,0.35,73.59,96.2845,3.9023766283763406,4.577639675371662
3.11,Evening,Weekend,3.0,Low,Clear,4.42,0.59,0.16,36.62,12.114099999999999,1.4134230285081433,2.5736879872508167
44.67,Afternoon,Weekend,2.0,Medium,Rain,4.55,1.12,0.46,14.16,61.09400000000001,3.821441627196908,4.128649365914091
26.86,Afternoon,Weekday,4.0,Low,Clear,2.87,1.32,0.31,54.4,55.18919999999999,3.3271919683516598,4.0287245676139625
49.66,Afternoon,Weekend,4.0,High,Clear,4.86,1.15,0.16,68.75,72.969,3.925136644573529,4.303646086514207
28.14,Evening,Weekend,3.0,Medium,Clear,2.45,1.74,0.4,87.85,86.5536,3.3721118007670587,4.472251177246848
48.5,Evening,Weekday,1.0,Low,Clear,3.61,1.66,0.39,79.03,114.94169999999998,3.901972669574645,4.753087478560688
26.63,Afternoon,Weekend,1.0,Medium,Clear,3.73,0.56,0.38,43.27,35.0854,3.318902138935325,3.5858883514011395
31.84,Evening,Weekday,3.0,High,Snow,3.94,0.79,0.18,91.81,45.6194,3.4916472845842277,3.842016763511922
107.78683195771164,Morning,Weekend,1.0,High,Clear,2.05,1.3,0.18,79.6,156.50088154502515,4.6893902972967005,5.779897466919958
23.27,Afternoon,Weekend,2.0,Low,Clear,4.88,1.9,0.38,78.31,78.85079999999999,3.18924101973851,4.380159893396056
31.75,Morning,Weekday,1.0,Low,Rain,2.13,1.75,0.19,68.64,70.7341,3.488902962081261,4.272966227294749
29.63,Afternoon,Weekday,3.0,High,Clear,2.43,1.76,0.28,6.31,56.345600000000005,3.421979920844684,4.049096118748932
45.16,Afternoon,Weekend,3.0,High,Clear,2.04,0.95,0.41,85.1,79.833,3.832113622199844,4.392385297989586
3.23,Afternoon,Weekday,2.0,Low,Rain,3.7,1.14,0.41,48.24,27.1606,1.4422019930581866,3.3379238378810365
14.77,Afternoon,Weekend,4.0,Medium,Clear,4.8,1.21,0.28,113.4,54.423700000000004,2.758109400974947,4.015007300107769
47.57,Afternoon,Weekday,3.0,Low,Rain,4.0,0.74,0.42,99.07,80.81119999999999,3.8830060563576536,4.40441415355151
44.62,Night,Weekday,2.0,High,Rain,4.47,0.55,0.44,72.58,60.9462,3.820346216856242,4.126266266403636
23.33,Morning,Weekday,1.0,Low,Snow,2.04,1.92,0.36000000000000004,34.0,59.0736,3.1917101567954314,4.095570477147906
31.39,Afternoon,Weekday,1.0,Low,Clear,3.63,0.86,0.19,28.43,36.027100000000004,3.477849733183238,3.6116500769789237
14.59,Morning,Weekend,2.0,Medium,Clear,3.5005223880597014,0.86,0.21,44.14,25.3173223880597,2.7466296830696852,3.2656372659030906
10.22,Morning,Weekday,2.0,Medium,Clear,3.5,0.63,0.23,59.81,23.6949,2.4176979000945504,3.2065967445816765
23.72,Afternoon,Weekday,3.0,Medium,Clear,2.22,1.89,0.15,39.05,52.9083,3.20761263258949,3.987284454928157
18.31,Afternoon,Weekday,1.0,Medium,Rain,4.05,1.37,0.21,64.22,42.6209,2.960623096440423,3.7755363932979074
29.6,Afternoon,Weekday,2.0,Low,Clear,3.51,1.5,0.18,24.02,52.2336,3.4210000089583352,3.974689775932921
4.81,Afternoon,Weekend,1.0,Low,Clear,4.3,1.87,0.28,117.44,46.1779,1.7595805708638197,3.853925562603156
48.75,Afternoon,Weekend,2.0,Medium,Rain,3.46,1.02,0.46,17.41,61.1936,3.907010463604602,4.1302521005605195
49.32,Evening,Weekday,1.0,Low,Clear,2.45,1.43,0.14,112.17,88.6814,3.918402612392185,4.496263389703605
35.21,Afternoon,Weekend,4.0,Medium,Clear,3.94,0.56,0.39,110.06,66.581,3.58933532377755,4.213326878453966
27.27,Afternoon,Weekend,3.0,High,Clear,2.52,0.78,0.37,65.42,47.996,3.341801171705499,3.891738662125439
16.17,Afternoon,Weekday,1.0,Medium,Rain,4.62,1.75,0.14,88.36000000000004,45.28790000000001,2.843163674909384,3.8348805878443044
40.88,Afternoon,Weekend,4.0,Low,Clear,3.5005223880597014,1.65,0.47,55.15,96.87302238805971,3.734808386002336,4.58713349850194
8.97,Afternoon,Weekday,1.0,Low,Clear,4.89,1.07,0.25,44.17,25.5304,2.299580583973747,3.2782912453070012
45.64,Afternoon,Weekend,4.0,Medium,Rain,3.56,1.3,0.4,39.63,78.744,3.842458542042237,4.378821503724933
41.3,Afternoon,Weekday,1.0,Medium,Rain,2.22,0.5000000000000001,0.2,71.5,37.17,3.744787086052232,3.6420498667571386
47.54,Afternoon,Weekend,1.0,Medium,Clear,3.88,0.86,0.38,62.28000000000002,68.4308,3.8823882002984553,4.240330573095458
36.56,Evening,Weekend,3.0,Low,Clear,2.76,0.81,0.12,71.64999999999999,40.9716,3.6259396543400624,3.7369931990872867
31.06,Evening,Weekday,4.0,Low,Clear,4.41,0.88,0.44,37.97,48.449600000000004,3.467609147181407,3.900953969057239
21.49,Evening,Weekend,4.0,Low,Rain,4.45,1.71,0.28,47.2,54.4139,3.1130707659712242,4.014830464809539
46.7,Night,Weekday,2.0,Medium,Clear,4.94,0.92,0.35,14.65,53.0315,3.8649313978942956,3.989567209824855
43.44,Morning,Weekday,1.0,Low,Clear,3.51,0.79,0.19,11.01,39.9195,3.7941399647714293,3.711606722044942
3.22,Morning,Weekday,3.0,Low,Clear,3.36,1.260000000000001,0.37,34.15,20.0527,1.4398351280479205,3.0470288179362606
2.29,Morning,Weekend,1.0,Low,Clear,4.26,1.8,0.41,13.54,13.933399999999999,1.1908875647772805,2.703600315028579
19.45,Afternoon,Weekday,1.0,High,Clear,2.4,0.86,0.29,16.93,24.0367,3.017982882488811,3.2203427484095664
40.72,Evening,Weekday,2.0,High,Clear,3.64,0.62,0.35,98.49,63.3579,3.7309806301325716,4.164459692629758
49.38,Morning,Weekday,1.0,Low,Clear,3.64,1.03,0.28,9.47,57.153000000000006,3.919594270924464,4.06307746834759
8.37,Night,Weekend,3.0,Low,Rain,2.27,1.62,0.45999999999999996,80.78,52.9882,2.2375130962503307,3.9887655041671057
30.11,Morning,Weekday,3.0,Medium,Clear,3.25,1.33,0.3,36.34,54.1983,3.4375293109095457,4.01093215570736
19.66,Night,Weekday,2.0,Low,Clear,4.56,1.73,0.44,105.23,84.873,3.0281994636914926,4.452869460606094
48.53,Afternoon,Weekday,1.0,Medium,Snow,4.57,1.94,0.42000000000000015,60.77,124.2416,3.902578546600146,4.830244671847695
42.26,Morning,Weekday,3.0,High,Rain,2.3,1.69,0.26,40.14,84.1558,3.7672284205249125,4.444482519879986
42.08,Afternoon,Weekend,1.0,Medium,Rain,2.27,1.41,0.19,64.53,73.86349999999999,3.7630588522881876,4.315666455324041
23.97,Morning,Weekday,1.0,High,Clear,2.79,1.24,0.26,48.93,45.2346,3.217675104291682,3.833728435537652
21.33,Morning,Weekday,1.0,Low,Clear,4.62,0.56,0.43,69.89,46.6175,3.1059310658520665,3.863200340730578
14.4,Afternoon,Weekend,2.0,Low,Clear,2.39,1.98,0.19,18.17,34.3543,2.7343675094195836,3.5654200256804494
3.76,Evening,Weekday,3.0,Medium,Rain,4.16,1.08,0.31,119.65,45.31230000000001,1.5602476682433286,3.8354075845584523
43.37,Afternoon,Weekend,3.0,Low,Clear,2.3,0.73,0.42,53.94,56.61489999999999,3.792563565390818,4.053781214805355
40.83,Afternoon,Weekday,1.0,Medium,Clear,3.87,1.5,0.24,45.05,75.927,3.733613785454107,4.342856920220145
49.99,Afternoon,Weekend,3.0,Low,Clear,3.07,0.93,0.36,86.67,80.7619,3.9316295350670645,4.403811364932933
139.476514583775,Evening,Weekday,1.0,Low,Clear,4.37,1.38,0.2,46.85,206.21759012560952,4.945040318814315,5.694030738366179
28.22,Morning,Weekday,3.0,High,Clear,2.7,1.38,0.14,100.83,55.7598,3.3748534063225533,4.038828328677459
38.68,Afternoon,Weekend,3.0,Low,Clear,3.92,1.17,0.42,57.24,73.2164,3.6808472824166723,4.306985150009832
47.29,Morning,Weekend,1.0,High,Clear,2.71,1.75,0.14,87.75,97.75249999999998,3.8772244998854504,4.592616719916471
42.63,Morning,Weekend,1.0,High,Clear,4.14,0.9,0.21,17.36,46.15260000000001,3.775744987135518,3.853389150719266
13.12,Afternoon,Weekday,3.0,Medium,Snow,4.62,1.17,0.44,102.3,64.9824,2.647592232065096,4.189388039797881
23.08,Morning,Weekend,4.0,Medium,Rain,2.38,1.31,0.24,89.61,54.1212,3.1813816204406202,4.009534397150573
7.33,Afternoon,Weekend,2.0,Medium,Rain,4.6,1.5,0.49,29.35,29.9765,2.1198634561787513,3.433228852492819
47.75,Evening,Weekday,4.0,High,Rain,3.78,1.68,0.49,21.710000000000004,94.6379,3.886705197443856,4.560569185009033
30.7,Morning,Weekend,4.0,Low,Clear,2.38,1.09,0.21,41.37,44.5307,3.456316680883235,3.8183868237068705
12.2,Afternoon,Weekend,1.0,Medium,Clear,3.28,1.47,0.12,117.25,35.284,2.580216829592325,3.5913768727526976
33.91,Morning,Weekday,2.0,Medium,Clear,2.48,0.73,0.38,34.54,40.35949999999999,3.5527733211169448,3.7223021411522463
31.29,Night,Weekday,3.0,Medium,Clear,4.1,1.9,0.28,57.45,79.63699999999999,3.4747575847701837,4.389957601250081
18.55,Afternoon,Weekday,1.0,Medium,Clear,4.28,1.07,0.14,8.449999999999973,25.3115,2.972975286431375,3.2700061059698076
6.56,Evening,Weekday,4.0,Low,Clear,2.32,1.59,0.38,50.68,32.0088,2.0228711901914416,3.4967741925839113
33.91,Afternoon,Weekday,4.0,Medium,Clear,3.5005223880597014,0.53,0.11,70.87706919945728,29.2693,3.5527733211169448,3.4101339975597607
26.5,Morning,Weekday,1.0,High,Clear,4.44,0.81,0.45,114.61,77.4795,3.3141860046725258,4.362837444186863
38.84,Afternoon,Weekday,1.0,Low,Clear,4.81,1.23,0.16000000000000003,64.42,62.89040000000001,3.6848714327163976,4.157169115355336
26.49,Night,Weekday,1.0,High,Clear,3.54,1.82,0.15,99.2,66.6318,3.3138223021771545,4.214078286640029
42.76,Afternoon,Weekday,2.0,Medium,Rain,4.85,1.29,0.17,67.92,71.5568,3.7787201581137255,4.2843697034010875
28.04,Evening,Weekend,4.0,High,Clear,3.61,1.89,0.48,9.69,61.2568,3.3686741899565953,4.131267766326687
28.49,Evening,Weekend,3.0,Medium,Clear,3.18,1.23,0.38,41.23,53.8901,3.3840512228271846,4.005333004385608
43.96,Morning,Weekday,3.0,Medium,Clear,4.54,1.24,0.42,71.19,88.95020000000001,3.8057732055854356,4.499256183851546
7.57,Afternoon,Weekday,3.0,High,Clear,3.42,1.7,0.23,103.8,40.163,2.1482677326096886,3.7175397946071476
2.41,Evening,Weekday,2.0,Low,Clear,3.47,0.87,0.19,31.26,11.506100000000002,1.2267122912954254,2.5262165252749793
38.0,Evening,Weekday,3.0,High,Clear,4.54,1.85,0.29,30.31,83.6299,3.6635616461296463,4.438287632067231
31.4,Night,Weekday,3.0,Medium,Clear,4.5,1.87,0.32,28.13,72.2196,3.4781584227982836,4.293463144688913
35.5,Afternoon,Weekend,2.0,Low,Rain,3.21,1.91,0.35,111.09,109.89649999999999,3.597312260588446,4.708597333894363
11.44,Morning,Weekend,1.0,Low,Rain,3.0,1.28,0.2,103.06,38.2552,2.5209170873110334,3.67008391952961
7.68,Evening,Weekday,3.0,Medium,Clear,3.48,1.52,0.48,94.11,60.32639999999999,2.1610215286722587,4.116210419072719
1.71,Morning,Weekday,3.0,Low,Clear,3.72,1.67,0.17,50.16,15.1029,0.9969486348916096,2.7789993799935995
18.18,Evening,Weekday,2.0,High,Rain,2.72,0.7,0.49,63.0,46.316,2.953868069455292,3.8568485046834904
29.91,Afternoon,Weekday,1.0,Low,Clear,4.38,1.4,0.11,58.4,52.678,3.431079756144025,3.983003234145193
20.22,Afternoon,Weekday,1.0,Low,Clear,3.46,0.55,0.29,34.14,24.4816,3.054944133185837,3.2379566230809886
22.44,Morning,Weekday,3.0,High,Clear,3.0,1.25,0.23,63.08,45.5584,3.154443964708812,3.8407074385715494
45.3,Afternoon,Weekend,3.0,Medium,Rain,2.32,0.73,0.28,8.51,37.7718,3.835141961092188,3.657693178255353
18.06,Afternoon,Weekend,3.0,High,Clear,2.72,0.77,0.33,20.16,23.279,2.947591898226056,3.1896117791816745
26.19,Afternoon,Weekday,1.0,Low,Rain,4.85,1.05,0.27,106.96,61.2287,3.3028492586443794,4.13081630811706
39.4,Afternoon,Weekend,2.0,Medium,Rain,2.92,1.15,0.27,91.44,72.91879999999999,3.6988297849671046,4.302967193435426
20.43,Evening,Weekday,2.0,Medium,Clear,2.51,1.43,0.39,53.63,52.6406,3.064791809485486,3.982306244033245
31.48,Evening,Weekday,1.0,Medium,Clear,3.38,0.61,0.37,64.47,46.4367,3.4806245152934774,3.85939619071852
43.26,Morning,Weekday,4.0,Medium,Snow,2.92,1.26,0.43,47.55,77.8741,3.7900813346229034,4.36785291033669
47.53,Morning,Weekday,2.0,Medium,Clear,2.11,0.77,0.2,90.19,56.7461,3.882182163417125,4.05605581465395
8.21,Morning,Weekend,3.0,Medium,Clear,2.97,1.36,0.34,95.18,46.49680000000001,2.2202898502672155,3.860662340350189
46.4,Afternoon,Weekday,4.0,Low,Clear,3.63,1.46,0.33,92.78,101.9914,3.858622228701031,4.634645489598091
25.11,Afternoon,Weekday,4.0,Medium,Clear,3.66,1.34,0.25,88.1,59.33240000000001,3.2623183827110376,4.099869272864801
23.5,Morning,Weekday,4.0,Medium,Clear,3.34,1.0,0.23,43.87,36.930099999999996,3.1986731175506815,3.6357449921328713
49.02,Afternoon,Weekend,4.0,Low,Clear,4.9,1.65,0.16,59.03,95.2278,3.912422925449473,4.566718297213592
25.14,Afternoon,Weekday,2.0,Medium,Rain,3.13,1.15,0.19,43.04,40.2186,3.2634667081960758,3.7188896107904204
12.77,Morning,Weekday,3.0,Low,Clear,3.37,0.53,0.36000000000000004,20.9,17.662100000000002,2.6224923127405635,2.9264947292799515
4.72,Afternoon,Weekday,1.0,Low,Rain,4.28,1.48,0.48,50.89,35.6928,1.7439688053917064,3.6025805505275703
7.32,Afternoon,Weekday,4.0,Medium,Clear,2.62,1.43,0.39,117.69,58.9867,2.1186622548331173,4.094122870983747
122.82019097975328,Afternoon,Weekday,3.0,High,Clear,4.13,0.96,0.12,30.98,125.75498334056314,4.818830440488163,5.515838412759396
8.44,Evening,Weekend,3.0,Low,Clear,2.06,0.63,0.45,75.4,41.30720000000001,2.244955980157409,3.7449572843336405
7.8,Afternoon,Weekend,3.0,Medium,Clear,3.26,0.64,0.45,54.79,32.9075,2.174751721484161,3.5236362288547327
32.4,Night,Weekend,4.0,Low,Clear,4.33,1.88,0.28,13.17,68.9296,3.5085558999826545,4.2474890216936965
9.91,Morning,Weekday,1.0,Medium,Rain,3.02,1.53,0.33,61.11,38.348600000000005,2.3896797998449792,3.6724603960856412
17.94,Morning,Weekday,1.0,High,Clear,3.69,0.69,0.49,85.75,58.086099999999995,2.9412760877579323,4.07899570216402
44.94,Evening,Weekday,1.0,Low,Clear,2.61,1.04,0.31,64.02,69.1938,3.8273361972609523,4.251259988043086
24.22,Afternoon,Weekend,2.0,Medium,Clear,4.23,1.39,0.46,105.28999999999999,86.3292,3.2276373305367736,4.469684885728696
33.71,Morning,Weekday,2.0,Low,Rain,3.5005223880597014,1.75,0.13,38.23,67.46292238805971,3.547027829873695,4.2065178183730865
9.44,Morning,Weekday,1.0,Low,Clear,4.56,0.57,0.18,14.92,12.626399999999997,2.3456445824544927,2.6120090875642306
10.42,Morning,Weekday,1.0,Low,Clear,3.5005223880597014,0.85,0.28,112.71,43.916322388059704,2.435366204227864,3.7843214434128263
3.0,Evening,Weekday,2.0,Low,Clear,4.62,1.83,0.33,48.49,26.111700000000003,1.3862943611198906,3.2999653690325537
9.28,Morning,Weekday,3.0,Medium,Clear,3.06,0.51,0.43,71.29,38.447500000000005,2.330200260027019,3.674970673927687
14.65,Afternoon,Weekday,4.0,Medium,Clear,4.17,0.8,0.5,96.08,63.93,2.750470916986162,4.173309766520395
9.67,Morning,Weekend,4.0,Medium,Clear,2.96,1.94,0.26,42.3,32.7178,2.367436065313662,3.5180258878261035
5.35,Morning,Weekday,1.0,Low,Clear,4.72,1.42,0.12,87.36,22.800199999999997,1.8484548129046001,3.1696939840034655
6.91,Morning,Weekday,3.0,Low,Clear,2.38,0.89,0.42,20.57,17.1693,2.0681277817795625,2.8997333566246946
23.58,Afternoon,Weekday,2.0,Medium,Clear,2.54,0.6,0.34,38.5,29.778,3.201933104137889,3.42680014904166
11.11,Morning,Weekday,1.0,High,Clear,3.48,0.54,0.18,21.64,13.374600000000001,2.494031557565001,2.6654627602093046
18.85,Evening,Weekday,3.0,Low,Clear,2.25,0.87,0.3,98.29,48.1365,2.9882040071331994,3.894602139485182
25.67,Morning,Weekend,3.0,High,Rain,2.59,1.82,0.4,30.6,61.549400000000006,3.283539338193923,4.135956644540775
34.83,Afternoon,Weekday,3.0,Medium,Snow,4.83,1.12,0.41,87.5,79.7146,3.5787855313168624,4.390919475888857
2.93,Evening,Weekend,2.0,Medium,Snow,4.93,1.58,0.3,113.48,43.6034,1.3686394258811698,3.7978100893042734
40.17,Afternoon,Weekday,2.0,Medium,Rain,3.13,1.88,0.22,65.69,93.1014,3.7177098357818132,4.544372924270246
31.77,Afternoon,Weekday,4.0,Low,Clear,4.77,1.11,0.49,67.1,72.91369999999999,3.489513462710723,4.302898196428651
5.01,Afternoon,Weekend,4.0,Low,Rain,3.63,0.79,0.37,58.02,29.0553,1.7934247485471162,3.403039018141525
43.81,Afternoon,Weekday,3.0,Medium,Clear,2.81,1.28,0.26,42.48,69.9316,3.802431328798052,4.261716032410588
46.12,Afternoon,Weekday,3.0,Low,Clear,4.11,1.86,0.21,59.7,102.4302,3.8526975393433314,4.638896989062792
138.76388715029725,Night,Weekday,2.0,High,Clear,3.98,1.71,0.39,74.32,270.2510470270083,4.9399544784777865,5.80827367860436
14.57,Afternoon,Weekday,4.0,Medium,Clear,4.97,0.6,0.20000000000000004,118.39,37.39,2.745345985845907,3.6477970090127063
40.5,Afternoon,Weekend,3.0,Low,Rain,2.8,1.54,0.16999999999999998,112.84,84.3528,3.7256934272366524,4.446793254794901
37.66,Evening,Weekday,4.0,Medium,Clear,4.02,1.36,0.31,104.15,87.52409999999999,3.654805473780185,4.483274831326688
10.04,Afternoon,Weekend,3.0,Low,Clear,2.16,1.86,0.22,107.25,44.4294,2.401525040848949,3.8161594725522456
11.26,Morning,Weekend,3.0,Medium,Rain,2.34,0.68,0.35,58.8,30.5768,2.506341930508065,3.452422673737601
19.15,Afternoon,Weekday,2.0,Medium,Clear,2.01,1.3,0.15,80.61,38.9965,3.0032042883926917,3.6887919502855877
24.74,Night,Weekend,3.0,High,Clear,5.0,1.82,0.36,107.93,88.8816,3.2480462021679806,4.498493248671812
19.08,Afternoon,Weekend,4.0,Medium,Clear,4.36,1.22,0.1,115.6,39.197599999999994,2.9997242948235283,3.693807292350233
23.66,Morning,Weekday,3.0,Medium,Clear,3.53,0.61,0.15,52.82,25.8856,3.2051824977361982,3.2915908272899066
37.63,Afternoon,Weekday,2.0,High,Clear,2.9,0.92,0.46999999999999975,74.12,72.356,3.65402917667819,4.295324300834588
2.8,Morning,Weekday,3.0,Low,Clear,2.45,0.9899999999999995,0.45,86.63,44.2055,1.33500106673234,3.8112187608515318
13.37,Afternoon,Weekday,2.0,Low,Rain,2.85,1.92,0.19,114.32,50.2412,2.6651427000909336,3.936543895958055
35.95,Evening,Weekday,2.0,Low,Clear,3.13,0.92,0.41,33.13,49.78730000000001,3.609565647394211,3.927646323329227
27.07,Evening,Weekday,1.0,Medium,Clear,2.23,0.74,0.25,35.88,31.231800000000003,3.334701390373791,3.472953542856144
6.25,Night,Weekend,4.0,Medium,Snow,2.05,1.23,0.37,94.31,44.6322,1.9810014688665833,3.8206136076714263
22.92,Morning,Weekday,3.0,Low,Clear,2.31,1.61,0.13,68.51,48.11750000000001,3.1747149290824312,3.8942153867781815
27.1,Afternoon,Weekday,4.0,Medium,Clear,3.5005223880597014,1.8,0.26,81.01,73.34312238805971,3.3357695763397,4.305045693339745
12.88,Morning,Weekend,2.0,Low,Clear,4.8,1.44,0.49,42.13,43.990899999999996,2.6304489550786583,3.806460247098427
14.19,Night,Weekend,1.0,Medium,Clear,3.91,1.5,0.32,60.35000000000002,44.507000000000005,2.7206373166076814,3.817866160277645
19.49,Night,Weekend,4.0,Medium,Rain,4.41,0.69,0.22,76.0,34.57809999999999,3.0199369622508083,3.571730280024857
11.36,Afternoon,Weekend,1.0,Low,Clear,3.5005223880597014,1.66,0.36,115.59,63.9705223880597,2.514465452029545,4.155753190350744
6.87,Morning,Weekday,4.0,High,Clear,4.35,1.9,0.48,89.4,60.315,2.063058062429312,4.11602451121399
44.64,Evening,Weekday,1.0,Medium,Rain,2.5,1.58,0.11,52.27,78.7809,3.8207845249938748,4.379284127436443
30.09,Morning,Weekend,3.0,Low,Clear,3.54,1.63,0.22,45.84,62.671499999999995,3.4368862240706624,4.153737052727395
39.67,Evening,Weekday,1.0,Medium,Clear,3.88,1.16,0.23,52.06,61.871,3.7054907199191334,4.141085008105915
25.42,Evening,Weekday,4.0,Medium,Clear,4.84,1.43,0.2,67.58,54.706599999999995,3.2741212990941793,4.020098631834631
5.26,Morning,Weekday,1.0,Low,Clear,3.74,1.65,0.31,67.5,33.344,1.8341801851120072,3.5364273309222596
27.32,Afternoon,Weekend,2.0,Low,Clear,3.62,0.66,0.43,62.17,48.3843,3.343568268825519,3.8996325599151973
29.76,Morning,Weekday,3.0,Medium,Rain,2.15,1.94,0.14,20.5,62.7544,3.4262151446374434,4.155038201264635
37.53,Afternoon,Weekday,4.0,Low,Rain,2.19,1.84,0.48,62.05,101.0292,3.6514371586380663,4.625259046825346
22.15,Morning,Weekend,2.0,Low,Clear,2.56,0.91,0.42,24.45,32.9855,3.1419947805322432,3.525933963063481
7.25,Night,Weekday,3.0,Low,Clear,2.1,1.73,0.17,19.51,17.959200000000003,2.1102132003465894,2.9422893018438527
14.91,Afternoon,Weekend,1.0,Medium,Clear,4.23,1.28,0.38,112.25,65.9698,2.7669478423496954,4.204241771505673
18.79,Afternoon,Weekend,3.0,High,Rain,4.17,1.19,0.25,74.57,45.1726,2.9851767596144745,3.83238654855691
28.97,Afternoon,Weekday,3.0,Medium,Clear,4.51,1.37,0.41,51.21,65.19500000000001,3.4001968813285717,4.19260493138962
18.45,Afternoon,Weekday,4.0,Medium,Clear,2.46,1.59,0.49,109.53,85.4652,2.9678470700644555,4.459742020849864
49.34,Afternoon,Weekend,4.0,Low,Clear,3.5005223880597014,1.12,0.15,78.36,70.51532238805972,3.91879998970717,4.261479156464797
30.68,Night,Weekday,1.0,Medium,Clear,2.75,1.44,0.27,93.45,72.16069999999999,3.455685566946225,4.292658391546874
12.62,Afternoon,Weekday,3.0,Low,Clear,3.12,1.55,0.29,47.38,36.4212,2.611539300721366,3.6222373887443764
5.99,Night,Weekday,3.0,Medium,Clear,2.76,1.57,0.25,115.4,41.0143,1.944480556245719,3.7380100365249795
8.49,Evening,Weekday,3.0,Low,Snow,3.47,0.5799999999999998,0.25,99.35,33.2317,2.2502386126218363,3.5331521153462706
13.05,Morning,Weekday,1.0,Low,Clear,3.22,1.79,0.12,103.2,38.963499999999996,2.642622395779755,3.687966537532372
8.87,Night,Weekday,3.0,Low,Clear,4.96,1.19,0.37,24.8,24.6913,2.28949985344539,3.246152413189092
14.97,Evening,Weekday,2.0,Low,Rain,2.43,0.86,0.18,37.85,22.1172,2.770711962226921,3.1405769292036636
9.5,Afternoon,Weekday,1.0,Low,Clear,2.16,1.22,0.43,36.15,29.2945,2.3513752571634776,3.4109661778870946
44.94,Evening,Weekday,2.0,High,Clear,3.5005223880597014,1.83,0.42,103.37,129.15612238805969,3.8273361972609523,4.871645986495296
4.93,Evening,Weekend,1.0,Medium,Clear,2.16,1.07,0.29,8.67,9.9494,1.780024213009634,2.3932846602406874
26.7,Evening,Weekday,4.0,Medium,Clear,4.51,1.62,0.22,13.75,50.789,3.3214324131932926,3.9471777715025214
21.11,Evening,Weekend,3.0,High,Clear,3.54,0.65,0.36,36.5,30.4015,3.096029994869355,3.446855662473861
49.14,Afternoon,Weekday,3.0,High,Rain,3.58,1.21,0.22,27.99,69.1972,3.914819092730147,4.25130842419641
20.49,Afternoon,Weekday,1.0,High,Clear,2.51,1.66,0.39,96.76,74.2598,3.067587710654419,4.320946127707601
48.5,Morning,Weekday,4.0,Low,Clear,2.59,0.82,0.12,69.76000000000002,50.7312,3.901972669574645,3.9460610811173336
43.41,Afternoon,Weekday,2.0,Low,Rain,2.96,1.25,0.14,5.66,58.0149,3.7934646693040106,4.0777899543951435
41.04,Afternoon,Weekday,3.0,Medium,Clear,3.78,0.85,0.1,54.37,44.101,3.7386215460087504,3.8089044192118187
13.64,Night,Weekend,2.0,Medium,Rain,2.63,1.11,0.16,51.91,26.076,2.6837575085331657,3.298647726646361
9.37,Afternoon,Weekday,1.0,Medium,Clear,2.35,1.67,0.13,18.1,20.3509,2.3389170222414357,3.0610938933528993
33.76,Evening,Weekday,1.0,Low,Rain,3.5005223880597014,1.66,0.5,82.76,100.9221223880597,3.548467300397191,4.637943234476846
46.54,Morning,Weekday,2.0,Low,Rain,2.07,0.84,0.22,85.74,60.026399999999995,3.861571461932048,4.111306557433325
28.28,Evening,Weekday,2.0,Medium,Rain,4.41,1.88,0.16,87.9,71.6404,3.3769046890931107,4.285521240885806
29.01,Morning,Weekday,2.0,Low,Clear,4.36,1.39,0.2,88.77,62.4379,3.4015306594522756,4.1500614746349465
14.72,Afternoon,Weekday,4.0,Medium,Clear,2.89,1.07,0.47,5.01,20.9951,2.7549337870010606,3.090819701278186
38.71,Afternoon,Weekday,2.0,Medium,Rain,2.41,1.25,0.31,114.7,86.3545,3.6816030451431603,4.469974552139207
10.17,Evening,Weekday,1.0,Medium,Clear,3.5005223880597014,1.41,0.25,98.63,42.4977223880597,2.413231613081109,3.7480253360744875
16.86,Morning,Weekday,1.0,Medium,Clear,4.09,1.34,0.45,108.96,75.7144,2.882563575448353,4.340089435210356
21.85,Afternoon,Weekday,3.0,High,Rain,3.93,1.23,0.26,6.8,32.5735,3.128951117340214,3.5137370653130073
25.87,Afternoon,Weekday,2.0,Low,Rain,4.35,1.26,0.23,112.39,62.79590000000001,3.2910104226273997,4.155688924962885
12.88,Morning,Weekday,4.0,Medium,Rain,4.81,0.76,0.18,98.13,32.2622,2.6304489550786583,3.5044216170974076
6.63,Afternoon,Weekend,4.0,Medium,Clear,4.08,1.72,0.25,101.28,40.803599999999996,2.0320878452963655,3.732982460224131
30.92,Morning,Weekday,4.0,Low,Rain,2.47,1.31,0.23,15.73,46.5931,3.463232772581608,3.8626877927467573
15.14,Morning,Weekday,3.0,Low,Rain,2.73,0.7,0.37,89.96,46.61319999999999,2.7813006628418027,3.8631100337181765
29.48,Morning,Weekday,3.0,Low,Clear,4.53,1.65,0.22,115.39,78.5578,3.4170707308184456,4.37648380151697
8.56,Night,Weekend,4.0,Medium,Clear,2.63,1.8999999999999995,0.33,83.03,46.2939,2.25758772706331,3.8563813231221116
24.58,Afternoon,Weekend,1.0,Medium,Clear,2.22,1.92,0.13,70.61,58.59289999999999,3.2418107961506966,4.08753643945828
27.1,Afternoon,Weekday,3.0,High,Clear,4.11,1.05,0.18,113.75,53.04,3.3357695763397,3.989724513091998
3.54,Afternoon,Weekend,2.0,Low,Snow,3.21,0.7,0.26,55.94,20.2324,1.5129270120532565,3.0555283168999567
17.49,Afternoon,Weekday,2.0,Low,Clear,4.76,1.28,0.47,73.92,61.889599999999994,2.9172300453990334,4.14138080822353
7.59,Afternoon,Weekday,2.0,High,Clear,3.95,0.67,0.25,59.78,23.9803,2.150598735996164,3.218087514233003
4.11,Afternoon,Weekend,4.0,Low,Snow,2.27,1.9,0.37,112.28,51.6226,1.631199404215613,3.9631456852618614
49.51,Morning,Weekend,2.0,Medium,Clear,4.84,0.78,0.2,13.75,46.207800000000006,3.9221713364799613,3.8545591331758207
16.8,Afternoon,Weekday,4.0,Medium,Rain,2.78,0.88,0.14999999999999997,62.63,26.9585,2.8791984572980396,3.330721267857831
40.68,Morning,Weekday,3.0,Medium,Clear,3.01,1.11,0.12,84.0,58.2448,3.7300213974451113,4.0816780124507
13.48,Afternoon,Weekday,3.0,Low,Rain,3.21,1.07,0.22,96.07,38.769,2.6727683869575705,3.6830877143221263
34.39,Afternoon,Weekday,4.0,Low,Clear,2.15,1.69,0.16,72.05,71.7971,3.566429294357372,4.287676119244364
38.25,Morning,Weekday,1.0,Low,Rain,3.49,1.18,0.17,109.53,67.2451,3.6699514442284173,4.223105636615899
30.19,Morning,Weekday,2.0,Medium,Clear,2.37,0.76,0.4,113.33,70.6464,3.440097530619712,4.271742908769049
24.11,Evening,Weekday,2.0,Medium,Clear,3.2,0.9,0.11,12.4,26.263,3.2232661731694936,3.3055304715704805
21.18,Afternoon,Weekday,2.0,Low,Rain,3.05,1.26,0.32,51.27,46.14319999999999,3.099190981922221,3.853189778106039
18.09,Morning,Weekday,4.0,Medium,Clear,4.32,0.72,0.25,7.7,19.2698,2.949164637737656,3.0091320936170076
46.55,Night,Weekday,3.0,High,Clear,4.41,1.42,0.3,42.88,83.375,3.8617817889913995,4.435271149192694
41.7,Evening,Weekday,2.0,Low,Clear,2.46,1.35,0.33,66.74,80.7792,3.754198920234579,4.404022932545778
48.29,Afternoon,Weekend,3.0,Medium,Rain,3.1,1.57,0.23,109.74,104.1555,3.8977212207172864,4.655440207009982
7.09,Night,Weekend,2.0,Low,Clear,3.5005223880597014,1.91,0.22,102.35,39.5594223880597,2.0906287310704004,3.6933419822076563
36.81,Morning,Weekday,2.0,Low,Clear,2.45,1.87,0.39,19.66,78.95210000000002,3.6325736179028416,4.381427705351517
46.98,Morning,Weekend,4.0,Low,Clear,4.4,1.92,0.45,15.7,101.66659999999999,3.8707842574115485,4.631486844954605
9.88,Morning,Weekend,1.0,Medium,Clear,4.12,0.87,0.18,72.77,25.814200000000003,2.3869262414277967,3.288931597941737
4.26,Afternoon,Weekend,4.0,Medium,Clear,2.57,0.7,0.14,66.19,14.8186,1.6601310267496185,2.7611864628483223
37.31,Morning,Weekday,2.0,High,Clear,3.1,0.95,0.46,35.63,54.9343,3.6457109587125576,4.024177787694797
29.15,Afternoon,Weekday,2.0,Medium,Clear,2.32,1.84,0.24,108.44,81.98159999999999,3.4061849231731944,4.418618896473471
7.85,Afternoon,Weekday,3.0,Low,Clear,2.36,1.7900000000000005,0.24,51.3,28.7235,2.180417459019838,3.3919379787299757
39.97,Night,Weekday,3.0,Medium,Rain,4.96,0.67,0.15,107.38,47.8469,3.7128400915587796,3.8886909169050354
10.88,Evening,Weekday,2.0,Medium,Clear,3.5005223880597014,1.92,0.34,51.61905179982441,41.9406,2.474856313934499,3.759817765338575
9.05,Afternoon,Weekend,2.0,Medium,Clear,3.74,0.51,0.18,59.73,19.1069,2.307572634505085,3.001063039738792
40.91,Afternoon,Weekday,1.0,Medium,Clear,4.73,1.16,0.28,19.1,57.53359999999999,3.73552446193698,4.069600948331185
33.59,Afternoon,Weekday,1.0,Low,Rain,3.66,0.57,0.42,111.71,69.72449999999999,3.5435646229490776,4.258792047526727
26.63,Afternoon,Weekend,2.0,High,Clear,2.52,1.3199999999999996,0.34,57.22,57.1264,3.318902138935325,4.062619949638962
43.98,Evening,Weekend,4.0,Low,Clear,4.53,1.21,0.32,47.22,72.8562,3.8062179465311696,4.302119959414184
20.23,Afternoon,Weekend,3.0,Low,Clear,3.93,1.42,0.38,7.17,35.3812,3.055415275715165,3.594052157702657
41.01,Morning,Weekend,1.0,Medium,Clear,3.95,1.8,0.42,16.56,84.7232,3.7379076851812907,4.451123500753208
19.47,Afternoon,Weekday,2.0,Low,Clear,4.68,1.15,0.16,84.35,40.5665,3.018960399673198,3.727294554386747
23.67,Evening,Weekday,1.0,Medium,Snow,4.76,1.73,0.38,43.49,62.2353,3.2055879305412653,4.146862689528798
15.77,Evening,Weekday,3.0,Low,Clear,2.28,1.86,0.37,84.98,63.0548,2.8195915758351173,4.1597389669867635
37.63,Evening,Weekday,4.0,Medium,Clear,3.63,0.68,0.11,85.34,38.60580000000001,3.65402917667819,3.6789755721820003
25.63,Morning,Weekday,3.0,Medium,Rain,4.22,1.3,0.26,85.95,59.886,3.282038399825841,4.10900326323076
12.38,Afternoon,Weekday,2.0,Medium,Rain,4.27,0.93,0.23,61.64,29.960600000000003,2.5937610547000824,3.432715428378701
45.08,Afternoon,Weekend,2.0,High,Clear,3.82,0.57,0.37,110.21,70.29329999999999,3.830379016387636,4.266802353860413
19.81,Morning,Weekday,3.0,Low,Rain,2.5,1.5,0.19,61.26,43.8544,3.035433640405543,3.8034216884866017
101.0397035425727,Afternoon,Weekday,1.0,Low,Rain,4.39,1.79,1.7329012196567541,56.78,283.6452005933156,4.62536198796336,5.6512434945253345
45.42,Evening,Weekend,3.0,Medium,Clear,4.16,0.74,0.47,27.93,50.89789999999999,3.837730400846291,3.949278326925471
31.59,Morning,Weekday,3.0,High,Clear,2.26,1.72,0.42,40.38,73.5544,3.4840054928494704,4.311529060260504
6.73,Afternoon,Weekday,4.0,Low,Clear,3.39,1.78,0.47,9.87,20.008300000000002,2.0451088625993306,3.0449175977326592
47.05,Morning,Weekday,4.0,Low,Snow,2.52,1.87,0.49,77.86,128.65490000000003,3.8722421354163012,4.864876305331429
31.76,Morning,Weekday,3.0,Low,Clear,3.01,0.9,0.1,33.58,34.952000000000005,3.4892082589848687,3.582184715442973
7.82,Night,Weekend,2.0,Low,Rain,3.2,0.98,0.27,93.64,36.14640000000001,2.1770218700187,3.614866862026776
39.91,Evening,Weekday,4.0,Medium,Clear,3.65,1.33,0.44,42.63,75.48750000000001,3.711374531941307,4.337127328788659
31.38,Night,Weekday,4.0,High,Clear,3.86,0.58,0.2,32.85,28.630399999999998,3.477540948249489,3.388800861325604
27.14,Afternoon,Weekend,2.0,Medium,Clear,3.99,0.57,0.49,24.44,31.4354,3.337192051686243,3.4792504189459974
44.8,Morning,Weekend,1.0,Low,Clear,4.51,1.58,0.35,94.11,108.2325,3.824284091120139,4.693478638078661
39.64,Afternoon,Weekday,4.0,Medium,Rain,2.65,1.17,0.42,19.92,57.395199999999996,3.7047528032702264,4.06723369467543
16.27,Evening,Weekday,1.0,High,Rain,4.55,0.79,0.17,63.30000000000001,28.164300000000004,2.848970892158587,3.3729453585460565
13.18,Morning,Weekday,4.0,Medium,Clear,2.47,1.5,0.4,84.05,55.86,2.6518325211039815,4.040592106222854
37.45,Afternoon,Weekday,4.0,Low,Clear,4.92,0.5,0.11,77.83,32.2063,3.649358695951653,3.5027396169566187
2.64,Morning,Weekday,1.0,Medium,Snow,4.53,1.71,0.43,98.23,51.283300000000004,1.2919836816486494,3.956677008416573
28.92,Afternoon,Weekend,1.0,Medium,Clear,3.5,0.62,0.11,10.15,22.5469,3.3985271531062766,3.1589941769782706
38.36,Evening,Weekday,3.0,Medium,Clear,4.94,0.79,0.36,39.09,49.3168,3.6727500721840527,3.9183390173652946
43.96,Afternoon,Weekday,2.0,Low,Clear,2.29,1.08,0.25,37.22,59.0718,3.8057732055854356,4.095540513453913
17.76,Afternoon,Weekday,2.0,Medium,Rain,2.91,1.23,0.34,21.79,32.1634,2.9317269435780786,3.501446858183425
41.24,Afternoon,Weekday,1.0,High,Clear,3.91,1.03,0.38,38.26,60.926,3.743367639398006,4.125940123811851
42.48,Evening,Weekday,4.0,High,Clear,4.79,1.95,0.14,65.02,96.7288,3.7723010622530087,4.582196295548255
7.25,Morning,Weekend,3.0,Low,Clear,2.2,1.46,0.13,81.33,23.357899999999997,2.1102132003465894,3.1928562322291163
20.47,Night,Weekday,3.0,Medium,Rain,3.65,0.5400000000000001,0.34,48.83,31.306,3.0666566118906897,3.4752529714915665
8.35,Afternoon,Weekday,4.0,Medium,Clear,3.96,1.81,0.4,43.66,36.5375,2.2353763433005955,3.6253404333094483
12.23,Afternoon,Weekday,4.0,Medium,Clear,2.77,0.95,0.3,38.38,25.9025,2.5824869781268642,3.29221921909241
36.39,Afternoon,Weekday,2.0,Low,Clear,3.09,0.64,0.27,67.24,44.534400000000005,3.6214032889890224,3.8184680842556875
36.28,Afternoon,Weekday,2.0,Low,Rain,4.53,1.64,0.2599999999999998,7.73,66.039,3.6184569898173904,4.205274539594796
32.42,Evening,Weekday,4.0,Low,Clear,2.58,1.41,0.11,14.18,49.852000000000004,3.509154523167248,3.928919453087876
35.0,Morning,Weekday,2.0,Low,Snow,4.48,1.36,0.23,53.07,64.2861,3.58351893845611,4.178779149917719
27.59,Night,Weekend,1.0,Medium,Clear,3.69,0.58,0.49,113.43,75.27289999999999,3.3530570063342204,4.334317698266987
13.34,Afternoon,Weekend,4.0,Low,Clear,4.29,0.71,0.45,87.97,53.3479,2.663052835171474,3.9954059743662724
17.94,Afternoon,Weekday,2.0,Low,Rain,4.14,1.43,0.2299999999999998,15.13,33.2741,2.9412760877579323,3.534389966897936
9.9,Afternoon,Weekend,3.0,Medium,Clear,2.62,0.81,0.34,102.33,45.4312,2.388762789235098,3.837971647056449
45.51,Evening,Weekday,4.0,Medium,Rain,3.71,1.26,0.44,89.21,100.30499999999999,3.839667343236006,4.618135768378115
29.59,Afternoon,Weekend,4.0,High,Snow,4.6,1.32,0.28,75.26,64.7316,3.420673158162812,4.185579783984396
20.64,Afternoon,Weekday,3.0,Medium,Rain,3.3,0.93,0.11,99.33,33.421499999999995,3.074543453978281,3.5386813691481946
47.42,Afternoon,Weekend,3.0,High,Rain,3.36,1.7599999999999998,0.3,30.47,95.9602,3.8799129515099127,4.5743005850251475
8.51,Morning,Weekend,4.0,Medium,Clear,2.43,1.58,0.49,63.88,47.177,2.252343876557299,3.8748817287474635
29.73,Evening,Weekend,1.0,Low,Clear,3.17,0.62,0.38,68.12,47.488200000000006,3.425239376142393,3.88132046937237
25.79,Afternoon,Weekday,2.0,Medium,Clear,4.86,0.66,0.13,66.91,30.5797,3.2880286835565173,3.45251450909903
30.96,Afternoon,Weekday,2.0,High,Clear,2.96,1.24,0.18,69.98,53.9468,3.464485120898074,4.006365444395049
1.89,Morning,Weekday,2.0,Low,Clear,4.6,0.74,0.41,114.1,52.779599999999995,1.0612565021243408,3.984894213103873
43.73,Morning,Weekday,4.0,Low,Clear,4.64,1.97,0.44,108.76,138.64249999999998,3.8006444174447567,4.93908558525618
108.14699381139414,Morning,Weekday,1.0,Low,Clear,2.25,1.8673085604080533,0.36,97.16,239.17140732641303,4.692695540806264,5.4813528656179304
35.14,Morning,Weekend,2.0,Medium,Clear,4.17,1.05,0.11,113.49,53.550900000000006,3.5874002851640823,3.999134210768094
46.2,Morning,Weekday,1.0,Medium,Clear,2.93,1.46,0.43,16.33,77.40390000000001,3.8543938925915096,4.361873671017085
35.65,Night,Weekend,4.0,Low,Rain,4.35,0.69,0.42,35.49,43.8543,3.6014134283326604,3.803419459048431
8.47,Evening,Weekend,2.0,High,Clear,3.33,1.15,0.2,61.93,25.4565,2.248128907197987,3.2755018748054074
29.24,Afternoon,Weekend,4.0,Medium,Rain,3.46,0.91,0.38,102.35,68.9614,3.4091655513113324,4.247943661385281
30.73,Morning,Weekend,3.0,Medium,Rain,4.33,1.83,0.19,63.09,72.553,3.4572626055951043,4.298006234794813
21.78,Afternoon,Weekday,4.0,Medium,Clear,3.15,0.56,0.12,91.02,26.269199999999998,3.125882958019036,3.3057578601602207
37.09,Evening,Weekend,4.0,Low,Clear,3.33,1.87,0.18,20.979999999999976,76.46470000000001,3.6399517804905126,4.349822348724046
46.78,Afternoon,Weekend,3.0,Medium,Clear,3.13,1.75,0.17,34.03,90.7801,3.8666071418976635,4.51939549852809
46.35,Morning,Weekday,1.0,Medium,Clear,3.1,0.95,0.24,89.15,68.5285,3.8575668196320874,4.241736740456672
23.09,Morning,Weekday,3.0,High,Rain,3.58,1.68,0.26999999999999996,23.94,48.834999999999994,3.18179681662678,3.9087175484194194
6.55,Morning,Weekend,3.0,Medium,Rain,4.43,0.55,0.3,45.41,21.6555,2.0215475632609334,3.120402648058741
49.26,Afternoon,Weekday,4.0,Low,Clear,3.09,1.95,0.29,35.46,109.43039999999999,3.917209532115446,4.70438545825659
42.11,Evening,Weekday,1.0,High,Clear,3.57,1.29,0.21,45.23,67.3902,3.763754988759043,4.225229539509881
7.11,Morning,Weekday,2.0,Low,Rain,4.01,0.95,0.11,86.46,20.275100000000002,2.093097868127322,3.0575373748009174
43.62,Morning,Weekday,3.0,High,Clear,2.83,0.6,0.26,68.86,46.90559999999999,3.7981821890043865,3.8692324078130462
26.42,Night,Weekend,3.0,Low,Clear,4.8,1.98,0.22,16.49,60.7394,3.3112726741341683,4.1229223008538085
29.97,Morning,Weekday,3.0,Medium,Clear,4.17,0.56,0.45,97.58,64.8642,3.4330189939851112,4.187595046551699
20.55,Evening,Weekday,3.0,Low,Snow,3.73,1.48,0.4,47.54,53.160000000000004,3.070375816549757,3.9919426286040194
3.68,Afternoon,Weekday,3.0,Medium,Clear,3.94,1.16,0.44,79.58,43.224,1.5432981099295553,3.7892676281452045
17.42,Afternoon,Weekday,4.0,Medium,Clear,2.09,1.92,0.3,88.42,62.06240000000001,2.913437030827161,4.1441247123841265
40.34,Morning,Weekend,1.0,Medium,Clear,3.85,0.87,0.15,29.11,43.31230000000001,3.7218305542536223,3.791262290883007
1.23,Morning,Weekday,1.0,Low,Clear,3.53,1.3,0.38,106.74,45.6902,0.8020015854720274,3.8435342925461704
20.51,Evening,Weekday,3.0,Medium,Snow,3.08,1.55,0.28,54.3,50.0745,3.068517943279639,3.9332853511305603
27.33,Afternoon,Weekday,4.0,High,Clear,2.24,0.6,0.13,25.97,22.0141,3.3439213138424253,3.1361070715730204
46.07,Afternoon,Weekend,3.0,High,Clear,2.58,0.79,0.43,113.36,87.72009999999999,3.851635855413051,4.485486470183045
17.97,Morning,Weekend,3.0,Low,Clear,4.85,0.82,0.15,91.83,33.359899999999996,2.9428587839469227,3.536890186750935
18.0,Night,Weekday,1.0,High,Clear,3.23,1.61,0.46,28.92,45.5132,2.9444389791664403,3.839736143277313
37.14,Evening,Weekday,3.0,Low,Clear,3.4,0.78,0.45,43.84,52.0972,3.641263600172273,3.9721241961607827
23.16,Morning,Weekday,2.0,High,Clear,2.16,1.36,0.29,98.11,62.1095,3.184698373066614,4.144871312890069
23.17,Afternoon,Weekday,2.0,Low,Clear,4.15,1.79,0.35,93.07,78.1988,3.1851121947153915,4.371961147190444
7.9,Afternoon,Weekday,3.0,Medium,Clear,3.61,1.91,0.42,55.74,42.1098,2.186051276738094,3.7637503494534545
9.64,Evening,Weekday,4.0,Medium,Clear,3.53,1.28,0.26999999999999996,87.39,39.4645,2.3646204839134985,3.700425046513979
25.42,Evening,Weekday,4.0,Low,Snow,2.73,1.03,0.41,49.45,49.187099999999994,3.2741212990941793,3.915758021563139
126.54762829842768,Afternoon,Weekend,1.0,Low,Clear,4.23,0.85,0.28,29.3,119.99948405366352,4.848489850125863,5.420157329980025
45.83,Morning,Weekend,3.0,Medium,Clear,2.5,0.57,0.48,77.76000000000002,65.9479,3.8465240231954505,4.203914704953676
18.76,Afternoon,Weekday,2.0,High,Clear,2.57,0.9,0.29,117.24,53.453599999999994,2.983659692319722,3.997348962895902
1.64,Afternoon,Weekday,2.0,Medium,Rain,2.74,1.92,0.43,82.51,41.368100000000005,0.9707789171582247,3.746395720583661
33.51,Afternoon,Weekend,4.0,Low,Rain,3.94,1.09,0.32,67.27,61.9923,3.541249137109912,4.143012496699566
9.72,Afternoon,Weekend,2.0,High,Clear,3.95,1.54,0.17,101.99,36.25710000000001,2.372111155642656,3.6178425306897743
48.09,Afternoon,Weekend,1.0,High,Clear,4.47,1.23,0.29,92.6,90.4747,3.893655348069961,4.516062431315307
8.28,Night,Weekday,4.0,Medium,Snow,3.25,1.27,0.49,11.7,19.4986,2.2278615467981093,3.020356591129384
49.85,Morning,Weekday,3.0,Medium,Clear,4.94,1.21,0.11,104.35,76.737,3.928880122494569,4.353331334507088
25.61,Evening,Weekday,3.0,High,Clear,3.79,1.56,0.29,79.89,66.9097,3.281287084989598,4.2181788815043975
30.17,Afternoon,Weekday,4.0,Medium,Clear,4.13,1.91,0.36,103.47,99.00389999999999,3.4394560937792455,4.605209185227611
4.29,Morning,Weekend,3.0,Medium,Rain,2.02,0.99,0.43,17.92,13.9727,1.665818245870208,2.7062285428899404
37.75,Evening,Weekday,2.0,Medium,Snow,3.55,0.56,0.12,44.99,30.088800000000003,3.657130755799356,3.4368476257059415
11.29,Evening,Weekday,3.0,Medium,Clear,2.11,1.2400000000000002,0.44,105.79,62.6572,2.5087859235779435,4.1535124372234264
45.0,Evening,Weekend,3.0,High,Clear,3.71,1.32,0.32,28.19,72.13080000000001,3.828641396489095,4.29224961864597
11.05,Night,Weekday,4.0,Medium,Clear,4.76,0.75,0.18,14.0,15.5675,2.489064659936664,2.8074429449802447
10.34,Morning,Weekday,1.0,Medium,Clear,4.91,1.64,0.23,95.63,43.8625,2.428336298299606,3.8036022564737255
2.79,Evening,Weekday,1.0,Low,Clear,3.62,1.98,0.21,101.08,30.371,1.332366019094335,3.4458838992845613
24.13,Afternoon,Weekday,1.0,High,Snow,3.37,1.92,0.31,23.71,57.049699999999994,3.2240623515555007,4.06129954017189
28.68,Evening,Weekday,2.0,Medium,Rain,4.84,0.8,0.12,103.25,40.17400000000001,3.39047341829918,3.7178069891871166
4.22,Evening,Weekday,3.0,Low,Clear,4.02,1.81,0.16,83.98,25.095000000000002,1.6524974018945473,3.2617437250953767
39.0,Evening,Weekend,1.0,Low,Clear,2.19,1.56,0.43,64.81,90.8983,3.6888794541139363,4.520682530822754
23.21,Afternoon,Weekday,4.0,Medium,Clear,3.4,1.18,0.15,100.48,45.8598,3.1867657709499673,3.847160165038104
26.7,Morning,Weekend,1.0,Medium,Clear,2.72,1.31,0.19,53.21,47.8069,3.3214324131932926,3.8878716963066138
22.6,Afternoon,Weekday,1.0,Medium,Clear,3.41,1.77,0.28,27.31,51.058800000000005,3.1612467120315646,3.95237384897421
20.64,Night,Weekday,3.0,Low,Clear,3.37,1.22,0.31,37.76,40.2564,3.074543453978281,3.71980625226109
28.42,Night,Weekday,3.0,Medium,Snow,3.75,1.06,0.41,63.09,59.74210000000001,3.3816747151732915,4.106637032612311
8.61,Morning,Weekday,3.0,Low,Clear,3.07,1.24,0.28,66.1,32.2544,2.262804222982201,3.5041870891739793
9.91,Morning,Weekend,2.0,Medium,Clear,2.49,1.3700000000000003,0.42,97.64,57.075500000000005,2.3896797998449792,4.061743888176019
43.23,Morning,Weekday,2.0,Low,Rain,3.51,0.78,0.35,96.01,70.83290000000001,3.789403291880235,4.274342588374899
47.36,Evening,Weekday,1.0,Low,Clear,3.5005223880597014,1.85,0.15,71.86,101.8955223880597,3.878673025746592,4.643284518096749
19.29,Evening,Weekend,3.0,Low,Clear,3.99,1.51,0.16,94.79,48.2843,3.0101281538377234,3.8976055719121443
21.03,Evening,Weekday,4.0,Low,Clear,4.74,1.41,0.4,105.47,76.5803,3.092405160814252,4.351313528980369
2.24,Evening,Weekend,3.0,Medium,Clear,2.63,0.68,0.33,13.69,8.6709,1.1755733298042381,2.2691213764890383
8.65,Afternoon,Weekday,3.0,Medium,Rain,2.12,0.62,0.26,33.37,16.159200000000002,2.2669579153508947,2.842534472926448
36.08,Afternoon,Weekday,4.0,Low,Clear,3.5005223880597014,1.29,0.17,84.96,64.4869223880597,3.6130777406976544,4.192777135007228
33.29,Afternoon,Weekday,3.0,High,Clear,4.48,1.1,0.19,52.09,50.9961,3.534853766474829,3.951168715768787
2.33,Morning,Weekday,2.0,Low,Rain,3.5005223880597014,1.38,0.33,105.78,41.623322388059705,1.2029723039923526,3.784707681526606
11.88,Afternoon,Weekday,2.0,Medium,Clear,4.67,0.63,0.27,39.27,22.7573,2.5556757206762075,3.1678898516737073
12.32,Afternoon,Weekday,3.0,Low,Clear,3.8,1.15,0.31,6.37,19.9427,2.589266665112243,3.0417901369584457
33.92,Evening,Weekend,4.0,Low,Clear,3.59,0.76,0.17,39.58,36.09780000000001,3.5530597309714014,3.6135576686637485
1.97,Afternoon,Weekday,1.0,Medium,Clear,2.08,1.98,0.37,71.48,32.428200000000004,1.0885619528146082,3.509399855129548
6.1,Evening,Weekday,3.0,Medium,Clear,2.74,1.34,0.43999999999999995,48.23,32.1352,1.9600947840472698,3.5005961614356607
40.2,Morning,Weekday,3.0,High,Clear,3.38,1.53,0.2,66.51,78.188,3.7184382563554808,4.371824772189285
9.75,Afternoon,Weekend,1.0,Medium,Clear,3.89,0.99,0.3,105.81,45.2855,2.3749057545736716,3.83482873709667
32.98,Morning,Weekday,3.0,High,Clear,3.67,0.64,0.49,109.94,78.6478,3.525772116243786,4.377614415133415
12.67,Morning,Weekday,1.0,Low,Snow,3.5005223880597014,1.96,0.23,35.59,36.5194223880597,2.6152036507358583,3.6441148016890863
5.87,Evening,Weekend,4.0,Low,Clear,2.84,0.93,0.34,58.15,28.0701,1.927164106234258,3.3697101545373482
36.39,Morning,Weekday,4.0,Low,Clear,2.26,1.47,0.34,114.15,94.56430000000002,3.6214032889890224,4.559799319352307
42.93,Afternoon,Weekday,2.0,Medium,Clear,3.24,0.54,0.14,119.84,43.1998,3.782597457987688,3.7887202641865376
20.46,Morning,Weekday,3.0,Low,Clear,4.08,1.3,0.39,88.6,65.232,3.0661907372025525,4.193163729836504
33.74,Afternoon,Weekday,4.0,High,Rain,4.97,0.92,0.42,48.47,56.3682,3.5478917608129588,4.049490142838316
11.04,Evening,Weekend,2.0,High,Clear,2.83,0.59,0.38,5.93,11.597,2.488234439880675,2.533458690370166
15.36,Afternoon,Weekday,1.0,Low,Clear,3.49,0.74,0.34,6.06,16.9168,2.794839331174601,2.885738820172437
44.92,Morning,Weekday,2.0,Low,Clear,2.99,1.84,0.28,57.97,101.87440000000001,3.826900752011311,4.633508826659448
1.64,Afternoon,Weekday,3.0,Low,Clear,3.32,1.53,0.44,61.16,32.739599999999996,0.9707789171582247,3.518672221682994
5.19,Evening,Weekday,4.0,Low,Rain,4.57,0.87,0.48,7.6,12.7333,1.8229350866965048,2.6198235404999592
11.19,Morning,Weekday,3.0,Low,Clear,4.05,0.6,0.3,84.0,35.964,2.5006159434931803,3.609944466025794
2.3,Morning,Weekend,1.0,Medium,Snow,3.5005223880597014,1.54,0.47,38.81,25.2832223880597,1.1939224684724346,3.311735732478678
9.89,Evening,Weekday,2.0,Low,Snow,2.61,1.36,0.33,69.39,38.95910000000001,2.387844936944869,3.6878564310041946
29.57,Afternoon,Weekday,3.0,Low,Clear,4.62,1.11,0.32,39.61,50.1179,3.420019135902743,3.9341347294132745
21.65,Evening,Weekday,3.0,High,Clear,2.18,1.05,0.28,24.22,31.6941,3.120159851929043,3.487194633489537
44.74,Morning,Weekday,3.0,Medium,Rain,4.67,0.83,0.18,51.82,51.1318,3.822973188594635,3.9537751272458608
41.05,Night,Weekday,2.0,High,Snow,2.99,1.5,0.1,31.71,67.73599999999999,3.738859386418957,4.230273079446345
17.75,Afternoon,Weekday,4.0,Low,Clear,3.5005223880597014,1.96,0.2,66.5,51.5905223880597,2.9311937524164198,3.9518204753022124
13.71,Afternoon,Weekday,3.0,Low,Clear,3.54,0.76,0.3,27.87,22.3206,2.688527534613346,3.1493370901393
19.6,Morning,Weekday,3.0,Medium,Clear,4.82,1.4,0.25000000000000006,63.47,48.127500000000005,3.0252910757955354,3.8944189594797853
14.14,Evening,Weekday,4.0,Low,Clear,3.06,1.1699999999999997,0.49,82.16,59.862199999999994,2.717340248009303,4.10861229235311
31.58,Night,Weekend,1.0,Medium,Rain,4.57,0.88,0.24,91.7,54.3684,3.4836986031738992,4.0140090339030055
21.06,Afternoon,Weekend,3.0,Medium,Clear,3.19,1.74,0.28,17.7,44.7904,3.0937660138253564,3.824074462162625
28.05,Afternoon,Weekday,1.0,Medium,Clear,2.6,1.23,0.15,58.8,45.9215,3.3690184832979204,3.84847599258373
22.37,Evening,Weekday,3.0,Medium,Clear,3.27,1.32,0.12,13.15,34.376400000000004,3.1514531485507664,3.566044931152025
15.43,Evening,Weekend,3.0,Medium,Clear,3.16,0.96,0.41,73.79,48.226699999999994,2.799108932049177,3.896436159225965
47.47,Afternoon,Weekend,1.0,Low,Clear,4.75,0.7700000000000001,0.33,35.41,52.9872,3.8809450498572846,3.988746981429519
38.42,Afternoon,Weekday,1.0,Low,Clear,4.29,0.63,0.4,65.68,54.766600000000004,3.674273301724574,4.0211751238666915
7.87,Afternoon,Weekday,2.0,Low,Clear,3.52,1.57,0.16,64.51,26.1975,2.1826747963214883,3.3031250573131006
24.88,Morning,Weekend,2.0,High,Clear,3.4,1.54,0.2,68.14,55.343199999999996,3.2534704696327,4.03146155884735
44.83,Afternoon,Weekend,3.0,Medium,Snow,2.17,1.09,0.19,72.04,64.7223,3.8249388985210326,4.185438289513475
40.19,Afternoon,Weekday,1.0,Medium,Clear,2.79,1.12,0.1,51.19,52.9218,3.718195508447989,3.987534848836176
21.84,Evening,Weekday,4.0,Low,Clear,3.31,1.2,0.15,114.14,46.638999999999996,3.1285133847878095,3.8636517535027264
2.1,Morning,Weekend,3.0,Low,Clear,3.5005223880597014,1.05,0.22,94.38,26.469122388059702,1.1314021114911006,3.2748250635059377
14.17,Afternoon,Weekend,4.0,Low,Snow,4.84,0.65,0.15,37.82,19.7235,2.719319793360441,3.031268322045007
27.54,Afternoon,Weekend,1.0,Low,Clear,4.3,0.96,0.49,102.08,80.7576,3.3513066120486905,4.403758771817115
32.04,Afternoon,Weekend,3.0,Low,Clear,3.5005223880597014,1.5,0.22,54.73,63.6011223880597,3.497718948652777,4.157328751010768
13.64,Morning,Weekday,4.0,Medium,Rain,3.77,1.5,0.15,100.3,39.275,2.6837575085331657,3.6957309290630382
7.83,Afternoon,Weekday,4.0,Medium,Clear,4.16,0.93,0.18,99.63,29.3753,2.178155014615869,3.4136297781551495
41.91,Afternoon,Weekday,2.0,Medium,Clear,4.82,1.19,0.34,26.72,63.777699999999996,3.7591048990034333,4.170961408327446
49.24,Afternoon,Weekday,2.0,Medium,Clear,4.64,0.79,0.13,85.63,54.67150000000001,3.9168115221599433,4.019468346326762
26.76,Afternoon,Weekday,2.0,High,Clear,3.55,0.82,0.44,38.42,42.397999999999996,3.3235961356386037,3.7704133570951988
9.41,Evening,Weekend,3.0,Low,Clear,4.32,0.53,0.48,39.21,28.1281,2.3427668826268775,3.3717033439900077
1.9,Morning,Weekend,1.0,Low,Clear,3.66,0.82,0.28,88.44,29.9812,1.0647107369924282,3.4333805689060823
6.77,Afternoon,Weekend,2.0,High,Clear,2.38,0.92,0.36,5.1,10.444399999999998,2.050270164379556,2.4375005273907298
14.43,Morning,Weekday,4.0,High,Clear,2.81,1.46,0.21,24.69,29.062699999999996,2.7363136663750693,3.4032852006505028
28.15,Afternoon,Weekday,2.0,High,Clear,2.06,0.61,0.18,17.02,22.295099999999998,3.3724549127965013,3.1482430380262345
32.92,Evening,Weekday,4.0,Low,Clear,4.17,0.7,0.36,32.31,38.845600000000005,3.5240048109237025,3.685011985087446
11.11,Evening,Weekend,3.0,Medium,Clear,3.79,1.01,0.17,59.73,25.1652,2.494031557565001,3.2644302835939256
1.54,Afternoon,Weekday,3.0,High,Clear,3.62,1.56,0.38,10.13,9.8718,0.9321640810304452,2.3861722808003134
7.71,Afternoon,Weekday,3.0,Low,Clear,4.91,1.3400000000000003,0.33,116.62,53.726,2.1644717908644115,4.002338916426076
45.1,Morning,Weekday,3.0,Medium,Clear,3.5005223880597014,0.88,0.44,87.35,81.6225223880597,3.8308129500026027,4.413670640008343
43.82,Afternoon,Weekday,4.0,Low,Clear,2.19,1.48,0.15,42.17,73.3691,3.802654468372781,4.3090405329880905
30.27,Afternoon,Weekend,4.0,Medium,Clear,3.66,0.67,0.41,41.65,41.017399999999995,3.44265917146975,3.738083818205022
30.43,Morning,Weekend,2.0,Medium,Clear,4.52,1.3,0.37,56.58,65.0136,3.447762850809476,4.189860781404915
33.59,Morning,Weekday,4.0,Medium,Clear,4.99,1.16,0.15,77.02,55.507400000000004,3.5435646229490776,4.034371603027449
9.59,Afternoon,Weekend,2.0,High,Clear,3.29,0.9,0.38,21.83,20.2164,2.359910159613315,3.0547744675210478
45.81,Evening,Weekday,2.0,High,Clear,3.5005223880597014,1.41,0.28,26.73,75.57702238805972,3.846096855311979,4.331213488154787
21.52,Night,Weekend,3.0,High,Rain,4.72,1.81,0.48,103.83,93.5096,3.1144038032714896,4.548701416641644
19.77,Night,Weekday,4.0,Low,Clear,2.57,2.0,0.16,34.47,47.6252,3.033509637888021,3.8841419150406913
26.43,Afternoon,Weekend,4.0,Medium,Clear,3.85,1.41,0.36,48.72,58.655499999999996,3.311637304949512,4.088586348819753
3.3,Afternoon,Weekend,2.0,Low,Clear,3.22,1.11,0.25,105.2,33.183,1.4586150226995167,3.531728444461926
9.15,Afternoon,Weekday,2.0,Medium,Snow,2.12,0.84,0.48,81.26,48.8108,2.3174737054877963,3.9082318279881365
37.16,Evening,Weekend,1.0,Medium,Snow,3.04,0.89,0.23,44.3,46.301399999999994,3.6417878465800855,3.856539893368534
5.06,Morning,Weekday,1.0,Medium,Clear,2.8,1.22,0.48,83.63,49.11559999999999,1.801709800081223,3.9143323368684944
13.02,Evening,Weekday,1.0,High,Clear,4.85,1.87,0.20999999999999996,89.6,48.0134,2.640484881606444,3.8920937301124443
20.08,Afternoon,Weekend,1.0,Low,Clear,2.8,1.05,0.42,61.01000000000001,49.5082,3.0483247236731614,3.9221356993373435
15.15,Afternoon,Weekend,2.0,Medium,Clear,4.43,1.06,0.5,98.52,69.749,2.7819200496686656,4.259138402147839
18.43,Afternoon,Weekend,2.0,Low,Clear,2.17,1.08,0.2,114.78,45.03040000000001,2.9668182633893485,3.829302047776185
15.56,Afternoon,Weekday,2.0,Low,Rain,2.21,1.48,0.31000000000000005,109.57,59.20550000000001,2.8069901489571136,4.097763710267756
28.75,Afternoon,Weekend,2.0,High,Rain,4.8,1.42,0.22,63.9,59.68299999999999,3.392829131991639,4.105663592941816
24.33,Morning,Weekday,3.0,High,Clear,4.3,1.0,0.11,46.42,33.7362,3.231989464013584,3.5477823708346987
46.9,Evening,Weekday,4.0,High,Clear,4.47,0.56,0.21,84.34,48.44540000000001,3.8691155044168695,3.900869030485976
36.9,Morning,Weekend,4.0,Low,Clear,3.94,1.81,0.28,106.66,100.5938,3.634951112088381,4.620982509660317
11.53,Afternoon,Weekend,3.0,Low,Rain,4.91,1.27,0.17,28.80000000000001,24.4491,2.528125768907977,3.2366803789134697
2.53,Morning,Weekday,2.0,Medium,Clear,4.14,1.1,0.45,110.59,56.688500000000005,1.2612978709452054,4.0550578468907235
13.85,Night,Weekday,4.0,Medium,Clear,4.77,1.25,0.38,98.75,59.6075,2.6979998652487085,4.104418647793575
3.52,Afternoon,Weekday,3.0,Low,Clear,2.35,0.5199999999999992,0.36,106.23,42.4232,1.5085119938441398,3.7709938604908593
25.32,Evening,Weekend,4.0,Medium,Rain,3.58,1.81,0.36,37.19,62.797599999999996,3.2703291064571163,4.155715572088328
30.25,Evening,Weekend,2.0,Medium,Clear,2.38,1.17,0.48,17.18,46.0189,3.4420193761824107,3.850549648537975
17.38,Morning,Weekday,2.0,Low,Rain,3.78,1.01,0.1,17.91,23.1248,2.911263116927541,3.183240357035246
38.77,Evening,Weekday,1.0,Medium,Clear,3.45,0.71,0.2,38.49,38.6747,3.6831128592195994,3.680713704947212
6.22,Afternoon,Weekend,4.0,Medium,Clear,3.87,1.16,0.47,75.63,46.63129999999999,1.9768549529047348,3.863490108162746
4.68,Afternoon,Weekend,4.0,Medium,Rain,2.03,1.24,0.47,97.5,53.658199999999994,1.7369512327330598,4.001099249112465
36.68,Morning,Weekday,4.0,Low,Clear,2.58,1.11,0.39,108.41,85.57469999999999,3.629129449708162,4.461007625078901
25.28,Morning,Weekend,3.0,Medium,Snow,3.47,1.52,0.41,76.73,73.3549,3.26880819361641,4.308849575240274
34.73,Evening,Weekday,4.0,Low,Clear,4.85,1.13,0.14,5.65,44.88589999999999,3.5759906720353185,3.8261578803316434
22.31,Afternoon,Weekday,2.0,Low,Clear,3.15,1.94,0.31,26.43,54.6247,3.1488824530476656,4.0186273472134335
13.07,Afternoon,Weekend,2.0,Medium,Clear,3.27,1.4,0.19,16.47,24.6973,2.644044871126298,3.2463859280163985
41.14,Evening,Weekend,3.0,Medium,Rain,4.14,1.71,0.17,46.78,82.44200000000001,3.740997408376043,4.424151779724529
40.17,Evening,Weekday,3.0,Low,Clear,3.81,0.66,0.42,62.66,56.6394,3.7177098357818132,4.0542063616392525
14.34,Afternoon,Weekday,1.0,Medium,Clear,3.23,1.01,0.29,45.07,30.7837,2.73046379593911,3.4589535797564515
18.69,Evening,Weekday,3.0,Medium,Clear,4.9,1.79,0.17,79.41,51.854800000000004,2.9801108926510342,3.9675485312762806
5.49,Afternoon,Weekend,4.0,Medium,Clear,2.39,0.62,0.49,58.39,34.4049,1.8702625307159986,3.566850228639926
45.95,Night,Weekday,4.0,Medium,Clear,3.12,0.61,0.5000000000000001,61.96,62.12950000000001,3.849083205654272,4.14518817218343
7.7,Morning,Weekday,3.0,Low,Rain,2.08,1.78,0.32000000000000006,54.18,33.1236,2.1633230256605382,3.5299892270225235
47.56,Morning,Weekday,1.0,Low,Clear,2.67,0.82,0.17,114.94,61.209,3.8828001467512427,4.130499683811651
22.85,Morning,Weekend,3.0,Medium,Clear,4.34,1.5000000000000002,0.23,29.69,45.44370000000001,3.1717842173343502,3.838240826351942
